step,domain,loss,bhaya_fired,bhaya_firing_rate,buddhi_score,vairagya_protection_frac,karma_pruned_frac,prana_level
0,0,1.244383,False,0.0,0.027014379637878443,0.0,0.0,1.0
1,0,1.186861,False,0.0,0.02743813109833486,0.1,0.0,1.0
2,0,1.127513,False,0.0,0.0278683392006816,0.1,0.0,1.0
3,0,1.559633,False,0.0,0.028305096310927595,0.1,0.0,1.0
4,0,0.83581,False,0.0,0.02874849592653997,0.1,0.0,1.0
5,0,0.359669,False,0.0,0.02919863268418474,0.1,0.0,1.0
6,0,1.100474,False,0.0,0.02965560236730284,0.1,0.0,1.0
7,0,1.412234,False,0.0,0.03011950191351196,0.1,0.0,1.0
8,0,0.631372,False,0.0,0.030590429421823905,0.1,0.0,1.0
9,0,0.696693,False,0.0,0.03106848415966741,0.1,0.0,1.0
10,0,0.380864,False,0.0,0.03155376656970557,0.1,0.0,1.0
11,0,0.93882,False,0.0,0.03204637827643718,0.1,0.0,1.0
12,0,0.064807,False,0.0,0.032546422092570575,0.1,0.0,1.0
13,0,0.900998,False,0.0,0.03305400202515856,0.1,0.0,1.0
14,0,0.513706,False,0.0,0.03356922328148251,0.1,0.0,1.0
15,0,0.538685,False,0.0,0.03409219227467352,0.1,0.0,1.0
16,0,1.033153,False,0.0,0.03462301662905805,0.1,0.0,1.0
17,0,2.667269,False,0.0,0.03516180518521524,0.1,0.0,1.0
18,0,0.719245,False,0.0,0.035708668004732894,0.1,0.0,1.0
19,0,0.236642,False,0.0,0.036263716374648335,0.1,0.0,1.0
20,0,0.913819,False,0.0,0.036827062811560604,0.1,0.0,1.0
21,0,0.148636,False,0.0,0.03739882106539965,0.1,0.0,1.0
22,0,0.378629,False,0.0,0.03797910612283802,0.1,0.0,1.0
23,0,0.159128,False,0.0,0.038568034210330206,0.1,0.0,1.0
24,0,0.310348,False,0.0,0.039165722796764356,0.1,0.0,1.0
25,0,0.451884,False,0.0,0.0397722905957109,0.1,0.0,1.0
26,0,0.208767,False,0.0,0.040387857567251995,0.10000009536743164,0.0,1.0
27,0,0.277441,False,0.0,0.041012544919375574,0.10000009536743164,0.0,1.0
28,0,0.759811,False,0.0,0.041646475108917363,0.10000009536743164,0.0,1.0
29,0,0.284212,False,0.0,0.042289771842033794,0.1,0.0,1.0
30,0,0.38308,False,0.0,0.04294256007418843,0.1,0.0,1.0
31,0,0.216831,False,0.0,0.04360496600963426,0.1,0.0,1.0
32,0,0.064756,False,0.0,0.04427711710037357,0.1,0.0,1.0
33,0,0.807975,False,0.0,0.04495914204457714,0.1,0.0,1.0
34,0,0.314618,False,0.0,0.04565117078444372,0.1,0.0,1.0
35,0,0.108531,False,0.0,0.04635333450348081,0.1,0.0,1.0
36,0,1.028597,False,0.0,0.04706576562318694,0.1,0.0,1.0
37,0,0.860428,False,0.0,0.047788597799115824,0.1,0.0,1.0
38,0,0.649339,False,0.0,0.048521965916301875,0.1,0.0,1.0
39,0,1.265709,False,0.0,0.049266006084026655,0.1,0.0,1.0
40,0,0.645708,False,0.0,0.05002085562990517,0.1,0.0,1.0
41,0,1.076636,False,0.0,0.050786653093270864,0.1,0.0,1.0
42,0,0.221798,False,0.0,0.05156353821783743,0.1,0.0,1.0
43,0,0.20086,False,0.0,0.05235165194361579,0.10000009536743164,0.0,1.0
44,0,0.187042,False,0.0,0.05315113639806372,0.10000009536743164,0.0,1.0
45,0,0.789687,False,0.0,0.053962134886445655,0.10000009536743164,0.0,1.0
46,0,0.561524,False,0.0,0.05478479188137958,0.1,0.0,1.0
47,0,0.421471,False,0.0,0.05561925301154815,0.1,0.0,1.0
48,0,1.33119,False,0.0,0.056465665049550126,0.1,0.0,1.0
49,0,0.862093,False,0.0,0.057324175898868755,0.10000009536743164,0.0,1.0
50,0,0.113371,False,0.0,0.058194934579932675,0.1,0.0,1.0
51,0,0.560013,False,0.0,0.05907809121524554,0.1,0.0,1.0
52,0,0.351694,False,0.0,0.05997379701355929,0.1,0.0,1.0
53,0,0.219777,False,0.0,0.06088220425306674,0.10000009536743164,0.0,1.0
54,0,0.368752,False,0.0,0.06180346626358857,0.10000009536743164,0.0,1.0
55,0,0.093854,False,0.0,0.06273773740772909,0.10000009536743164,0.0,1.0
56,0,0.41996,False,0.0,0.06368517306097612,0.10000009536743164,0.0,1.0
57,0,0.538748,False,0.0,0.06464592959071908,0.10000009536743164,0.0,1.0
58,0,0.11166,False,0.0,0.06562016433415982,0.1,0.0,1.0
59,0,0.566736,False,0.0,0.06660803557509065,0.1,0.0,1.0
60,0,1.61527,False,0.0,0.06760970251951359,0.1,0.0,1.0
61,0,0.577919,False,0.0,0.06862532527007503,0.10000009536743164,0.0,1.0
62,0,0.913441,False,0.0,0.06965506479929011,0.10000009536743164,0.0,1.0
63,0,0.488667,False,0.0,0.07069908292153071,0.10000009536743164,0.0,1.0
64,0,0.211119,False,0.0,0.07175754226375133,0.10000009536743164,0.0,1.0
65,0,0.547747,False,0.0,0.07283060623492708,0.10000009536743164,0.0,1.0
66,0,1.095714,False,0.0,0.07391843899417791,0.10000009536743164,0.0,1.0
67,0,1.285061,False,0.0,0.07502120541755361,0.10000009536743164,0.0,1.0
68,0,1.370703,False,0.0,0.07613907106345413,0.10000009536743164,0.0,1.0
69,0,0.222116,False,0.0,0.07727220213665989,0.1,0.0,1.0
70,0,0.74156,False,0.0,0.07842076545094702,0.1,0.0,1.0
71,0,0.112967,False,0.0,0.07958492839026306,0.1,0.0,1.0
72,0,0.184146,False,0.0,0.08076485886843796,0.1,0.0,1.0
73,0,1.092843,False,0.0,0.08196072528740715,0.1,0.0,1.0
74,0,0.32968,False,0.0,0.08317269649392235,0.1,0.0,1.0
75,0,0.326165,False,0.0,0.08440094173472694,0.1,0.0,1.0
76,0,0.124418,False,0.0,0.08564563061017334,0.1,0.0,1.0
77,0,1.663092,False,0.0,0.08690693302625986,0.1,0.0,1.0
78,0,0.443267,False,0.0,0.08818501914506544,0.1,0.0,1.0
79,0,0.740684,False,0.0,0.0894800593335614,0.1,0.0,1.0
80,0,0.87013,False,0.0,0.09079222411077965,0.1,0.0,1.0
81,0,0.104218,False,0.0,0.09212168409331789,0.1,0.0,1.0
82,0,0.078862,False,0.0,0.09346860993916298,0.1,0.0,1.0
83,0,0.171798,False,0.0,0.09483317228981472,0.1,0.0,1.0
84,0,0.325227,False,0.0,0.09621554171069283,0.1,0.0,1.0
85,0,1.481792,False,0.0,0.09761588862981131,0.1,0.0,1.0
86,0,2.178121,False,0.0,0.0990343832747052,0.1,0.0,1.0
87,0,0.188458,False,0.0,0.10047119560759603,0.1,0.0,1.0
88,0,0.098142,False,0.0,0.10192649525878311,0.1,0.0,1.0
89,0,0.297975,False,0.0,0.10340045145824957,0.1,0.0,1.0
90,0,1.277953,False,0.0,0.10489323296547301,0.1,0.0,1.0
91,0,0.263172,False,0.0,0.1064050079974321,0.1,0.0,1.0
92,0,0.882735,False,0.0,0.10793594415480193,0.1,0.0,1.0
93,0,0.126752,False,0.0,0.1094862083463327,0.1,0.0,1.0
94,0,0.143929,False,0.0,0.11105596671140756,0.10000009536743164,0.0,1.0
95,0,0.322214,False,0.0,0.1126453845407773,0.10000009536743164,0.0,1.0
96,0,0.285162,False,0.0,0.11425462619547148,0.10000009536743164,0.0,1.0
97,0,0.757979,False,0.0,0.11588385502388747,0.10000009536743164,0.0,1.0
98,0,0.705058,False,0.0,0.11753323327706003,0.1,0.0,1.0
99,0,0.675309,False,0.0,0.11920292202211755,0.1,0.0,1.0
100,0,0.864388,False,0.0,0.12089308105393162,0.1,0.0,1.0
101,0,0.178783,False,0.0,0.12260386880496972,0.1,0.0,1.0
102,0,0.166385,False,0.0,0.12433544225336303,0.1,0.0,1.0
103,0,0.236131,False,0.0,0.1260879568292025,0.1,0.0,1.0
104,0,0.118879,False,0.0,0.1278615663190813,0.1,0.0,1.0
105,0,0.624873,False,0.0,0.12965642276890063,0.1,0.0,1.0
106,0,0.425724,False,0.0,0.1314726763849622,0.1,0.0,1.0
107,0,0.083192,False,0.0,0.13331047543337043,0.1,0.0,1.0
108,0,0.321201,False,0.0,0.13516996613777157,0.1,0.0,1.0
109,0,0.257825,False,0.0,0.13705129257545964,0.1,0.0,1.0
110,0,0.132311,False,0.0,0.1389545965718814,0.10000009536743164,0.0,1.0
111,0,0.450445,False,0.0,0.14088001759357577,0.10000009536743164,0.0,1.0
112,0,1.436251,False,0.0,0.14282769263958672,0.10000009536743164,0.0,1.0
113,0,0.850712,False,0.0,0.14479775613139054,0.1,0.0,1.0
114,0,0.395685,False,0.0,0.14679033980138237,0.1,0.0,1.0
115,0,0.248368,False,0.0,0.14880557257997037,0.10000009536743164,0.0,1.0
116,0,0.391997,False,0.0,0.15084358048132776,0.10000009536743164,0.0,1.0
117,0,2.493575,True,0.00847457627118644,0.15290448648785823,0.10000009536743164,0.0,1.0
118,0,0.099322,False,0.008403361344537815,0.15498841043343176,0.1,0.0,1.0
119,0,0.150025,False,0.008333333333333333,0.1570954688854527,0.1,0.0,1.0
120,0,0.420052,False,0.008264462809917356,0.15922577502582452,0.1,0.0,1.0
121,0,0.255768,False,0.00819672131147541,0.16137943853087977,0.1,0.0,1.0
122,0,0.12825,False,0.008130081300813009,0.1635565654503468,0.1,0.0,1.0
123,0,0.198536,False,0.008064516129032258,0.16575725808542907,0.1,0.0,1.0
124,0,0.996296,False,0.008,0.16798161486607552,0.1,0.0,1.0
125,0,0.660217,False,0.007936507936507936,0.1702297302275252,0.1,0.0,1.0
126,0,0.333795,False,0.007874015748031496,0.17250169448621216,0.1,0.0,1.0
127,0,1.058795,False,0.0078125,0.1747975937151207,0.1,0.0,1.0
128,0,0.472507,False,0.007751937984496124,0.1771175096186845,0.1,0.0,1.0
129,0,0.695572,False,0.007692307692307693,0.17946151940732682,0.1,0.0,1.0
130,0,0.740717,False,0.007633587786259542,0.1818296956717433,0.1,0.0,1.0
131,0,0.206733,False,0.007575757575757576,0.18422210625703123,0.1,0.0,1.0
132,0,0.331853,False,0.007518796992481203,0.1866388141367734,0.1,0.0,1.0
133,0,0.110021,False,0.007462686567164179,0.18907987728718928,0.1,0.0,1.0
134,0,0.570676,False,0.007407407407407408,0.19154534856146752,0.1,0.0,1.0
135,0,0.215259,False,0.007352941176470588,0.1940352755643991,0.1,0.0,1.0
136,0,0.394422,False,0.0072992700729927005,0.1965497005274337,0.1,0.0,1.0
137,0,0.851973,False,0.007246376811594203,0.19908866018428378,0.1,0.0,1.0
138,0,0.19248,False,0.007194244604316547,0.20165218564720608,0.10000009536743164,0.0,1.0
139,0,1.22553,False,0.007142857142857143,0.2042403022840918,0.10000009536743164,0.0,1.0
140,0,0.565576,False,0.0070921985815602835,0.2068530295965009,0.1,0.0,1.0
141,0,0.891203,False,0.007042253521126761,0.20949038109877877,0.1,0.0,1.0
142,0,0.551696,False,0.006993006993006993,0.21215236419839478,0.1,0.0,1.0
143,0,0.166192,False,0.006944444444444444,0.21483898007764848,0.1,0.0,1.0
144,0,0.610987,False,0.006896551724137931,0.21755022357688744,0.1,0.0,1.0
145,0,0.2375,False,0.00684931506849315,0.2202860830793872,0.1,0.0,1.0
146,0,0.90825,False,0.006802721088435374,0.2230465403980427,0.1,0.0,1.0
147,0,0.36172,False,0.006756756756756757,0.22583157066402545,0.1,0.0,1.0
148,0,0.591649,False,0.006711409395973154,0.22864114221756085,0.1,0.0,1.0
149,0,0.156739,False,0.006666666666666667,0.23147521650098232,0.1,0.0,1.0
150,0,0.17739,False,0.006622516556291391,0.23433374795422077,0.1,0.0,1.0
151,0,0.158228,False,0.006578947368421052,0.237216683912889,0.1,0.0,1.0
152,0,0.387182,False,0.006535947712418301,0.24012396450912174,0.1,0.0,1.0
153,0,0.599691,False,0.006493506493506494,0.24305552257533283,0.1,0.0,1.0
154,0,0.188676,False,0.0064516129032258064,0.2460112835510519,0.1,0.0,1.0
155,0,0.060655,False,0.00641025641025641,0.24899116539300367,0.10000009536743164,0.0,1.0
156,0,1.101324,False,0.006369426751592357,0.2519950784885917,0.10000009536743164,0.0,1.0
157,0,1.052855,False,0.006329113924050633,0.25502292557295014,0.1,0.0,1.0
158,0,0.269983,False,0.006289308176100629,0.2580746016497258,0.1,0.0,1.0
159,0,0.344102,False,0.00625,0.261149993915751,0.1,0.0,1.0
160,0,0.108655,False,0.006211180124223602,0.2642489816897696,0.1,0.0,1.0
161,0,0.098636,False,0.006172839506172839,0.26737143634537386,0.1,0.0,1.0
162,0,0.374832,False,0.006134969325153374,0.2705172212483106,0.1,0.0,1.0
163,0,0.117951,False,0.006097560975609756,0.273686191698313,0.1,0.0,1.0
164,0,0.274193,False,0.006060606060606061,0.27687819487561016,0.1,0.0,1.0
165,0,0.13311,False,0.006024096385542169,0.28009306979226756,0.1,0.0,1.0
166,0,0.644873,False,0.005988023952095809,0.2833306472485044,0.1,0.0,1.0
167,0,0.208925,False,0.005952380952380952,0.2865907497941342,0.1,0.0,1.0
168,0,0.315876,False,0.005917159763313609,0.28987319169527037,0.1,0.0,1.0
169,0,0.081793,False,0.0058823529411764705,0.29317777890643243,0.1,0.0,1.0
170,0,0.312677,False,0.005847953216374269,0.29650430904818886,0.1,0.0,1.0
171,0,0.81079,False,0.005813953488372093,0.2998525713904629,0.1,0.0,1.0
172,0,0.45116,False,0.005780346820809248,0.3032223468416272,0.10000009536743164,0.0,1.0
173,0,0.291858,False,0.005747126436781609,0.3066134079435043,0.1,0.0,1.0
174,0,0.245957,False,0.005714285714285714,0.3100255188723875,0.10000009536743164,0.0,1.0
175,0,0.134072,False,0.005681818181818182,0.3134584354461889,0.10000009536743164,0.0,1.0
176,0,0.160605,False,0.005649717514124294,0.31691190513781486,0.10000009536743164,0.0,1.0
177,0,0.607888,False,0.0056179775280898875,0.3203856670948646,0.10000009536743164,0.0,1.0
0,1,3.297474,False,0.0,0.027014379637878443,0.0,0.0,1.0
1,1,2.987524,False,0.0,0.02743813109833486,0.1,0.0,1.0
2,1,2.878691,False,0.0,0.0278683392006816,0.10000009536743164,0.0,1.0
3,1,2.48965,False,0.0,0.028305096310927595,0.1,0.0,1.0
4,1,2.388533,False,0.0,0.02874849592653997,0.1,0.0,1.0
5,1,2.32373,False,0.0,0.02919863268418474,0.1,0.0,1.0
6,1,2.144393,False,0.0,0.02965560236730284,0.1,0.0,1.0
7,1,2.185593,False,0.0,0.03011950191351196,0.1,0.0,1.0
8,1,1.887423,False,0.0,0.030590429421823905,0.10000009536743164,0.0,1.0
9,1,1.901912,False,0.0,0.03106848415966741,0.10000009536743164,0.0,1.0
10,1,1.825966,False,0.0,0.03155376656970557,0.1,0.0,1.0
11,1,1.394715,False,0.0,0.03204637827643718,0.1,0.0,1.0
12,1,1.491126,False,0.0,0.032546422092570575,0.1,0.0,1.0
13,1,1.471362,False,0.0,0.03305400202515856,0.1,0.0,1.0
14,1,1.728232,False,0.0,0.03356922328148251,0.1,0.0,1.0
15,1,1.646863,False,0.0,0.03409219227467352,0.1,0.0,1.0
16,1,1.08283,False,0.0,0.03462301662905805,0.1,0.0,1.0
17,1,1.559702,False,0.0,0.03516180518521524,0.1,0.0,1.0
18,1,1.662238,False,0.0,0.035708668004732894,0.1,0.0,1.0
19,1,1.422669,False,0.0,0.036263716374648335,0.1,0.0,1.0
20,1,1.759363,False,0.0,0.036827062811560604,0.1,0.0,1.0
21,1,1.570817,False,0.0,0.03739882106539965,0.1,0.0,1.0
22,1,1.251021,False,0.0,0.03797910612283802,0.1,0.0,1.0
23,1,1.50881,False,0.0,0.038568034210330206,0.1,0.0,1.0
24,1,1.169588,False,0.0,0.039165722796764356,0.1,0.0,1.0
25,1,1.176238,False,0.0,0.0397722905957109,0.1,0.0,1.0
26,1,1.276994,False,0.0,0.040387857567251995,0.1,0.0,1.0
27,1,1.217672,False,0.0,0.041012544919375574,0.1,0.0,1.0
28,1,1.284632,False,0.0,0.041646475108917363,0.1,0.0,1.0
29,1,1.428982,False,0.0,0.042289771842033794,0.1,0.0,1.0
30,1,1.389951,False,0.0,0.04294256007418843,0.10000009536743164,0.0,1.0
31,1,1.380039,False,0.0,0.04360496600963426,0.1,0.0,1.0
32,1,1.064143,False,0.0,0.04427711710037357,0.10000009536743164,0.0,1.0
33,1,1.252869,False,0.0,0.04495914204457714,0.10000009536743164,0.0,1.0
34,1,1.494482,False,0.0,0.04565117078444372,0.10000009536743164,0.0,1.0
35,1,1.075708,False,0.0,0.04635333450348081,0.10000009536743164,0.0,1.0
36,1,1.568735,False,0.0,0.04706576562318694,0.10000009536743164,0.0,1.0
37,1,1.167822,False,0.0,0.047788597799115824,0.1,0.0,1.0
38,1,1.086843,False,0.0,0.048521965916301875,0.1,0.0,1.0
39,1,1.04785,False,0.0,0.049266006084026655,0.1,0.0,1.0
40,1,1.35547,False,0.0,0.05002085562990517,0.1,0.0,1.0
41,1,1.260494,False,0.0,0.050786653093270864,0.1,0.0,1.0
42,1,1.43321,False,0.0,0.05156353821783743,0.1,0.0,1.0
43,1,1.206119,False,0.0,0.05235165194361579,0.1,0.0,1.0
44,1,1.41019,False,0.0,0.05315113639806372,0.1,0.0,1.0
45,1,0.953529,False,0.0,0.053962134886445655,0.1,0.0,1.0
46,1,0.96967,False,0.0,0.05478479188137958,0.1,0.0,1.0
47,1,1.401392,False,0.0,0.05561925301154815,0.1,0.0,1.0
48,1,1.108524,False,0.0,0.056465665049550126,0.1,0.0,1.0
49,1,1.245596,False,0.0,0.057324175898868755,0.1,0.0,1.0
50,1,1.160113,False,0.0,0.058194934579932675,0.1,0.0,1.0
51,1,1.310423,False,0.0,0.05907809121524554,0.1,0.0,1.0
52,1,1.471646,False,0.0,0.05997379701355929,0.1,0.0,1.0
53,1,1.217073,False,0.0,0.06088220425306674,0.1,0.0,1.0
54,1,1.347909,False,0.0,0.06180346626358857,0.1,0.0,1.0
55,1,1.164282,False,0.0,0.06273773740772909,0.1,0.0,1.0
56,1,1.045973,False,0.0,0.06368517306097612,0.10000009536743164,0.0,1.0
57,1,1.279473,False,0.0,0.06464592959071908,0.10000009536743164,0.0,1.0
58,1,1.503591,False,0.0,0.06562016433415982,0.10000009536743164,0.0,1.0
59,1,1.466171,False,0.0,0.06660803557509065,0.1,0.0,1.0
60,1,1.377149,False,0.0,0.06760970251951359,0.10000009536743164,0.0,1.0
61,1,1.143391,False,0.0,0.06862532527007503,0.1,0.0,1.0
62,1,1.016518,False,0.0,0.06965506479929011,0.1,0.0,1.0
63,1,1.308079,False,0.0,0.07069908292153071,0.1,0.0,1.0
64,1,1.342232,False,0.0,0.07175754226375133,0.1,0.0,1.0
65,1,1.400023,False,0.0,0.07283060623492708,0.1,0.0,1.0
66,1,0.93581,False,0.0,0.07391843899417791,0.1,0.0,1.0
67,1,1.34709,False,0.0,0.07502120541755361,0.1,0.0,1.0
68,1,1.416153,False,0.0,0.07613907106345413,0.1,0.0,1.0
69,1,1.528441,False,0.0,0.07727220213665989,0.1,0.0,1.0
70,1,1.314802,False,0.0,0.07842076545094702,0.1,0.0,1.0
71,1,1.324,False,0.0,0.07958492839026306,0.1,0.0,1.0
72,1,1.464836,False,0.0,0.08076485886843796,0.1,0.0,1.0
73,1,1.182536,False,0.0,0.08196072528740715,0.1,0.0,1.0
74,1,1.453558,False,0.0,0.08317269649392235,0.1,0.0,1.0
75,1,1.393814,False,0.0,0.08440094173472694,0.10000009536743164,0.0,1.0
76,1,1.160114,False,0.0,0.08564563061017334,0.1,0.0,1.0
77,1,1.291089,False,0.0,0.08690693302625986,0.1,0.0,1.0
78,1,1.136006,False,0.0,0.08818501914506544,0.10000009536743164,0.0,1.0
79,1,1.073205,False,0.0,0.0894800593335614,0.1,0.0,1.0
80,1,1.384434,False,0.0,0.09079222411077965,0.1,0.0,1.0
81,1,1.411778,False,0.0,0.09212168409331789,0.1,0.0,1.0
82,1,1.251187,False,0.0,0.09346860993916298,0.1,0.0,1.0
83,1,1.294125,False,0.0,0.09483317228981472,0.1,0.0,1.0
84,1,1.231771,False,0.0,0.09621554171069283,0.1,0.0,1.0
85,1,1.060439,False,0.0,0.09761588862981131,0.1,0.0,1.0
86,1,1.180261,False,0.0,0.0990343832747052,0.1,0.0,1.0
87,1,1.017283,False,0.0,0.10047119560759603,0.1,0.0,1.0
88,1,1.132289,False,0.0,0.10192649525878311,0.1,0.0,1.0
89,1,1.3483,False,0.0,0.10340045145824957,0.1,0.0,1.0
90,1,0.865591,False,0.0,0.10489323296547301,0.1,0.0,1.0
91,1,1.180605,False,0.0,0.1064050079974321,0.1,0.0,1.0
92,1,0.985272,False,0.0,0.10793594415480193,0.10000009536743164,0.0,1.0
93,1,1.002687,False,0.0,0.1094862083463327,0.10000009536743164,0.0,1.0
94,1,1.395699,False,0.0,0.11105596671140756,0.10000009536743164,0.0,1.0
95,1,1.379876,False,0.0,0.1126453845407773,0.1,0.0,1.0
96,1,1.275863,False,0.0,0.11425462619547148,0.10000009536743164,0.0,1.0
97,1,1.307993,False,0.0,0.11588385502388747,0.10000009536743164,0.0,1.0
98,1,1.654221,False,0.0,0.11753323327706003,0.10000009536743164,0.0,1.0
99,1,1.377316,False,0.0,0.11920292202211755,0.1,0.0,1.0
100,1,0.918677,False,0.0,0.12089308105393162,0.1,0.0,1.0
101,1,1.1514,False,0.0,0.12260386880496972,0.1,0.0,1.0
102,1,1.064974,False,0.0,0.12433544225336303,0.1,0.0,1.0
103,1,1.388827,False,0.0,0.1260879568292025,0.1,0.0,1.0
104,1,1.091877,False,0.0,0.1278615663190813,0.1,0.0,1.0
105,1,1.449249,False,0.0,0.12965642276890063,0.1,0.0,1.0
106,1,0.998878,False,0.0,0.1314726763849622,0.1,0.0,1.0
107,1,1.189091,False,0.0,0.13331047543337043,0.1,0.0,1.0
108,1,1.121284,False,0.0,0.13516996613777157,0.10000009536743164,0.0,1.0
109,1,1.295322,False,0.0,0.13705129257545964,0.10000009536743164,0.0,1.0
110,1,1.039334,False,0.0,0.1389545965718814,0.10000009536743164,0.0,1.0
111,1,1.646042,False,0.0,0.14088001759357577,0.10000009536743164,0.0,1.0
112,1,1.077592,False,0.0,0.14282769263958672,0.1,0.0,1.0
113,1,1.276267,False,0.0,0.14479775613139054,0.1,0.0,1.0
114,1,1.100798,False,0.0,0.14679033980138237,0.10000009536743164,0.0,1.0
115,1,1.126115,False,0.0,0.14880557257997037,0.10000009536743164,0.0,1.0
116,1,1.231378,False,0.0,0.15084358048132776,0.10000009536743164,0.0,1.0
117,1,1.449894,False,0.0,0.15290448648785823,0.10000009536743164,0.0,1.0
118,1,1.518643,False,0.0,0.15498841043343176,0.10000009536743164,0.0,1.0
119,1,1.348558,False,0.0,0.1570954688854527,0.1,0.0,1.0
120,1,1.432913,False,0.0,0.15922577502582452,0.1,0.0,1.0
121,1,1.169366,False,0.0,0.16137943853087977,0.1,0.0,1.0
122,1,1.210712,False,0.0,0.1635565654503468,0.1,0.0,1.0
123,1,1.184265,False,0.0,0.16575725808542907,0.1,0.0,1.0
124,1,1.336426,False,0.0,0.16798161486607552,0.1,0.0,1.0
125,1,1.129358,False,0.0,0.1702297302275252,0.1,0.0,1.0
126,1,1.095438,False,0.0,0.17250169448621216,0.1,0.0,1.0
127,1,1.153231,False,0.0,0.1747975937151207,0.1,0.0,1.0
128,1,1.386677,False,0.0,0.1771175096186845,0.1,0.0,1.0
129,1,1.169906,False,0.0,0.17946151940732682,0.1,0.0,1.0
130,1,1.259644,False,0.0,0.1818296956717433,0.1,0.0,1.0
131,1,1.138631,False,0.0,0.18422210625703123,0.1,0.0,1.0
132,1,1.386795,False,0.0,0.1866388141367734,0.1,0.0,1.0
133,1,1.434766,False,0.0,0.18907987728718928,0.1,0.0,1.0
134,1,1.142983,False,0.0,0.19154534856146752,0.1,0.0,1.0
135,1,1.278325,False,0.0,0.1940352755643991,0.1,0.0,1.0
136,1,1.229659,False,0.0,0.1965497005274337,0.1,0.0,1.0
137,1,1.121467,False,0.0,0.19908866018428378,0.1,0.0,1.0
138,1,1.494685,False,0.0,0.20165218564720608,0.1,0.0,1.0
139,1,1.155005,False,0.0,0.2042403022840918,0.1,0.0,1.0
140,1,1.027355,False,0.0,0.2068530295965009,0.1,0.0,1.0
141,1,1.024413,False,0.0,0.20949038109877877,0.1,0.0,1.0
142,1,1.307426,False,0.0,0.21215236419839478,0.1,0.0,1.0
143,1,1.363482,False,0.0,0.21483898007764848,0.1,0.0,1.0
144,1,1.499753,False,0.0,0.21755022357688744,0.1,0.0,1.0
145,1,1.290009,False,0.0,0.2202860830793872,0.1,0.0,1.0
146,1,1.246414,False,0.0,0.2230465403980427,0.1,0.0,1.0
147,1,1.034272,False,0.0,0.22583157066402545,0.1,0.0,1.0
148,1,1.206522,False,0.0,0.22864114221756085,0.1,0.0,1.0
149,1,1.380913,False,0.0,0.23147521650098232,0.1,0.0,1.0
150,1,1.194211,False,0.0,0.23433374795422077,0.1,0.0,1.0
151,1,1.062346,False,0.0,0.237216683912889,0.1,0.0,1.0
152,1,1.155262,False,0.0,0.24012396450912174,0.1,0.0,1.0
153,1,1.083602,False,0.0,0.24305552257533283,0.1,0.0,1.0
154,1,1.340998,False,0.0,0.2460112835510519,0.1,0.0,1.0
155,1,1.152355,False,0.0,0.24899116539300367,0.10000009536743164,0.0,1.0
156,1,1.259489,False,0.0,0.2519950784885917,0.10000009536743164,0.0,1.0
157,1,1.312453,False,0.0,0.25502292557295014,0.10000009536743164,0.0,1.0
158,1,1.150892,False,0.0,0.2580746016497258,0.1,0.0,1.0
159,1,1.081801,False,0.0,0.261149993915751,0.10000009536743164,0.0,1.0
160,1,1.12058,False,0.0,0.2642489816897696,0.10000009536743164,0.0,1.0
161,1,1.394964,False,0.0,0.26737143634537386,0.10000009536743164,0.0,1.0
162,1,1.141302,False,0.0,0.2705172212483106,0.1,0.0,1.0
163,1,1.078144,False,0.0,0.273686191698313,0.1,0.0,1.0
164,1,1.205039,False,0.0,0.27687819487561016,0.1,0.0,1.0
165,1,1.228764,False,0.0,0.28009306979226756,0.1,0.0,1.0
166,1,1.144743,False,0.0,0.2833306472485044,0.1,0.0,1.0
167,1,1.032084,False,0.0,0.2865907497941342,0.1,0.0,1.0
168,1,1.074916,False,0.0,0.28987319169527037,0.1,0.0,1.0
169,1,1.429615,False,0.0,0.29317777890643243,0.1,0.0,1.0
170,1,1.161558,False,0.0,0.29650430904818886,0.1,0.0,1.0
171,1,1.123146,False,0.0,0.2998525713904629,0.1,0.0,1.0
172,1,1.148385,False,0.0,0.3032223468416272,0.1,0.0,1.0
173,1,1.005871,False,0.0,0.3066134079435043,0.1,0.0,1.0
174,1,1.442437,False,0.0,0.3100255188723875,0.1,0.0,1.0
175,1,1.215905,False,0.0,0.3134584354461889,0.1,0.0,1.0
176,1,1.250371,False,0.0,0.31691190513781486,0.1,0.0,1.0
177,1,0.981252,False,0.0,0.3203856670948646,0.1,0.0,1.0
178,1,1.12499,False,0.0,0.32387945216573893,0.1,0.0,1.0
179,1,0.941425,False,0.0,0.3273929829322395,0.1,0.0,1.0
180,1,1.224831,False,0.0,0.33092597374873245,0.1,0.0,1.0
181,1,1.165562,False,0.0,0.3344781307879405,0.1,0.0,1.0
182,1,1.323096,False,0.0,0.3380491520934221,0.1,0.0,1.0
183,1,1.506602,False,0.0,0.34163872763878583,0.1,0.0,1.0
184,1,1.371859,False,0.0,0.3452465393936807,0.1,0.0,1.0
185,1,1.252051,False,0.0,0.348872261396595,0.1,0.0,1.0
186,1,1.23993,False,0.0,0.35251555983448407,0.1,0.0,1.0
187,1,1.217776,False,0.0,0.3561760931292443,0.1,0.0,1.0
188,1,1.419594,False,0.0,0.3598535120310333,0.1,0.0,1.0
189,1,1.265797,False,0.0,0.36354745971843366,0.1,0.0,1.0
190,1,1.299158,False,0.0,0.36725757190544506,0.1,0.0,1.0
191,1,1.060391,False,0.0,0.3709834769552774,0.1,0.0,1.0
192,1,1.685078,False,0.0,0.3747247960009128,0.1,0.0,1.0
193,1,1.352937,False,0.0,0.378481143072389,0.1,0.0,1.0
194,1,1.146092,False,0.0,0.382252125230751,0.1,0.0,1.0
195,1,1.135621,False,0.0,0.3860373427086035,0.1,0.0,1.0
196,1,1.358539,False,0.0,0.3898363890571894,0.1,0.0,1.0
197,1,1.241849,False,0.0,0.3936488512999092,0.1,0.0,1.0
198,1,1.022318,False,0.0,0.3974743100921823,0.1,0.0,1.0
199,1,1.400221,False,0.0,0.401312339887548,0.1,0.0,1.0
200,1,1.051634,False,0.0,0.40516250910988494,0.1,0.0,1.0
201,1,1.183216,False,0.0,0.4090243803316261,0.1,0.0,1.0
202,1,1.464751,False,0.0,0.41289751045783046,0.1,0.0,1.0
203,1,1.352718,False,0.0,0.4167814509159666,0.1,0.0,1.0
204,1,1.200592,False,0.0,0.4206757478512505,0.1,0.0,1.0
205,1,1.13897,False,0.0,0.4245799423273733,0.1,0.0,1.0
206,1,0.996493,False,0.0,0.4284935705324441,0.1,0.0,1.0
207,1,1.400018,False,0.0,0.4324161639899626,0.1,0.0,1.0
208,1,1.175541,False,0.0,0.4363472497746318,0.10000009536743164,0.0,1.0
209,1,1.138198,False,0.0,0.440286350732807,0.1,0.0,1.0
210,1,1.32065,False,0.0,0.4442329857073724,0.1,0.0,1.0
211,1,1.092167,False,0.0,0.4481866697668298,0.1,0.0,1.0
212,1,1.034909,False,0.0,0.45214691443837246,0.10000009536743164,0.0,1.0
213,1,1.057084,False,0.0,0.4561132279447144,0.10000009536743164,0.0,1.0
214,1,1.167028,False,0.0,0.46008511544443426,0.10000009536743164,0.0,1.0
215,1,0.956726,False,0.0,0.4640620792755912,0.1,0.0,1.0
216,1,1.080358,False,0.0,0.46804361920235915,0.1,0.0,1.0
217,1,1.193726,False,0.0,0.47202923266442653,0.1,0.0,1.0
218,1,1.001809,False,0.0,0.4760184150288955,0.1,0.0,1.0
219,1,0.834084,False,0.0,0.48001065984441826,0.1,0.0,1.0
220,1,1.232892,False,0.0,0.4840054590972979,0.10000009536743164,0.0,1.0
221,1,0.859355,False,0.0,0.48800230346928214,0.1,0.0,1.0
222,1,0.990237,False,0.0,0.4920006825967688,0.1,0.0,1.0
223,1,1.191831,False,0.0,0.49600008533114887,0.1,0.0,1.0
224,1,1.170849,False,0.0,0.5,0.1,0.0,1.0
225,1,1.459969,False,0.0,0.5039999146688512,0.1,0.0,1.0
226,1,1.110734,False,0.0,0.5079993174032311,0.1,0.0,1.0
227,1,0.828428,False,0.0,0.5119976965307179,0.1,0.0,1.0
228,1,0.876522,False,0.0,0.515994540902702,0.1,0.0,1.0
229,1,1.177687,False,0.0,0.5199893401555818,0.1,0.0,1.0
230,1,1.258771,False,0.0,0.5239815849711045,0.1,0.0,1.0
231,1,1.14511,False,0.0,0.5279707673355735,0.1,0.0,1.0
232,1,1.129172,False,0.0,0.5319563807976408,0.1,0.0,1.0
233,1,1.394812,False,0.0,0.5359379207244089,0.1,0.0,1.0
234,1,1.300911,False,0.0,0.5399148845555656,0.1,0.0,1.0
235,1,1.343673,False,0.0,0.5438867720552856,0.1,0.0,1.0
236,1,1.446474,False,0.0,0.5478530855616274,0.1,0.0,1.0
237,1,0.971513,False,0.0,0.5518133302331701,0.10000009536743164,0.0,1.0
238,1,1.388437,False,0.0,0.5557670142926274,0.10000009536743164,0.0,1.0
239,1,1.247039,False,0.0,0.5597136492671929,0.1,0.0,1.0
240,1,1.371772,False,0.0,0.5636527502253681,0.1,0.0,1.0
241,1,1.233078,False,0.0,0.5675838360100374,0.1,0.0,1.0
242,1,1.329135,False,0.0,0.5715064294675558,0.1,0.0,1.0
243,1,1.547909,False,0.0,0.5754200576726266,0.1,0.0,1.0
244,1,1.215486,False,0.0,0.5793242521487494,0.10000009536743164,0.0,1.0
245,1,0.961272,False,0.0,0.5832185490840334,0.1,0.0,1.0
246,1,1.025037,False,0.0,0.5871024895421696,0.1,0.0,1.0
247,1,1.288327,False,0.0,0.590975619668374,0.1,0.0,1.0
248,1,1.014733,False,0.0,0.5948374908901151,0.1,0.0,1.0
249,1,1.284401,False,0.0,0.598687660112452,0.1,0.0,1.0
0,2,2.750854,False,0.0,0.027014379637878443,0.0,0.0,1.0
1,2,1.483875,False,0.0,0.02743813109833486,0.1,0.0,1.0
2,2,4.332568,False,0.0,0.0278683392006816,0.1,0.0,1.0
3,2,3.142846,False,0.0,0.028305096310927595,0.1,0.0,1.0
4,2,2.300658,False,0.0,0.02874849592653997,0.10000009536743164,0.0,1.0
5,2,0.274317,False,0.0,0.02919863268418474,0.10000009536743164,0.0,1.0
6,2,2.355783,False,0.0,0.02965560236730284,0.10000009536743164,0.0,1.0
7,2,1.322621,False,0.0,0.03011950191351196,0.1,0.0,1.0
8,2,2.196248,False,0.0,0.030590429421823905,0.1,0.0,1.0
9,2,2.779148,False,0.0,0.03106848415966741,0.1,0.0,1.0
10,2,2.15007,False,0.0,0.03155376656970557,0.1,0.0,1.0
11,2,0.20457,False,0.0,0.03204637827643718,0.1,0.0,1.0
12,2,1.437168,False,0.0,0.032546422092570575,0.1,0.0,1.0
13,2,2.35262,False,0.0,0.03305400202515856,0.1,0.0,1.0
14,2,1.725233,False,0.0,0.03356922328148251,0.1,0.0,1.0
15,2,1.673499,False,0.0,0.03409219227467352,0.1,0.0,1.0
16,2,1.318281,False,0.0,0.03462301662905805,0.1,0.0,1.0
17,2,1.212942,False,0.0,0.03516180518521524,0.1,0.0,1.0
18,2,1.26527,False,0.0,0.035708668004732894,0.1,0.0,1.0
19,2,2.757615,False,0.0,0.036263716374648335,0.1,0.0,1.0
20,2,1.503113,False,0.0,0.036827062811560604,0.1,0.0,1.0
21,2,3.55683,False,0.0,0.03739882106539965,0.1,0.0,1.0
22,2,1.302337,False,0.0,0.03797910612283802,0.1,0.0,1.0
23,2,1.912966,False,0.0,0.038568034210330206,0.1,0.0,1.0
24,2,2.083007,False,0.0,0.039165722796764356,0.1,0.0,1.0
25,2,3.203889,False,0.0,0.0397722905957109,0.1,0.0,1.0
26,2,1.740469,False,0.0,0.040387857567251995,0.1,0.0,1.0
27,2,1.560833,False,0.0,0.041012544919375574,0.1,0.0,1.0
28,2,2.696868,False,0.0,0.041646475108917363,0.1,0.0,1.0
29,2,1.407354,False,0.0,0.042289771842033794,0.1,0.0,1.0
30,2,2.468677,False,0.0,0.04294256007418843,0.1,0.0,1.0
31,2,1.907672,False,0.0,0.04360496600963426,0.1,0.0,1.0
32,2,2.792316,False,0.0,0.04427711710037357,0.1,0.0,1.0
33,2,1.567294,False,0.0,0.04495914204457714,0.1,0.0,1.0
34,2,2.865498,False,0.0,0.04565117078444372,0.1,0.0,1.0
35,2,2.258555,False,0.0,0.04635333450348081,0.1,0.0,1.0
36,2,2.016209,False,0.0,0.04706576562318694,0.1,0.0,1.0
37,2,2.490923,False,0.0,0.047788597799115824,0.1,0.0,1.0
38,2,1.244285,False,0.0,0.048521965916301875,0.1,0.0,1.0
39,2,0.016235,False,0.0,0.049266006084026655,0.1,0.0,1.0
40,2,2.386473,False,0.0,0.05002085562990517,0.1,0.0,1.0
41,2,1.421442,False,0.0,0.050786653093270864,0.1,0.0,1.0
42,2,0.540715,False,0.0,0.05156353821783743,0.1,0.0,1.0
43,2,3.291844,False,0.0,0.05235165194361579,0.1,0.0,1.0
44,2,1.121436,False,0.0,0.05315113639806372,0.1,0.0,1.0
45,2,2.548757,False,0.0,0.053962134886445655,0.1,0.0,1.0
46,2,1.072558,False,0.0,0.05478479188137958,0.1,0.0,1.0
47,2,1.947366,False,0.0,0.05561925301154815,0.1,0.0,1.0
48,2,0.422638,False,0.0,0.056465665049550126,0.1,0.0,1.0
49,2,1.872208,False,0.0,0.057324175898868755,0.1,0.0,1.0
50,2,0.028968,False,0.0,0.058194934579932675,0.1,0.0,1.0
0,3,2.628724,False,0.0,0.027014379637878443,0.0,0.0,1.0
1,3,2.76351,False,0.0,0.02743813109833486,0.0,0.0,1.0
2,3,2.609607,False,0.0,0.0278683392006816,0.1,0.0,1.0
3,3,1.452364,False,0.0,0.028305096310927595,0.10000009536743164,0.0,1.0
4,3,3.645943,False,0.0,0.02874849592653997,0.10000009536743164,0.0,1.0
5,3,0.780167,False,0.0,0.02919863268418474,0.1,0.0,1.0
6,3,2.285404,False,0.0,0.02965560236730284,0.1,0.0,1.0
7,3,1.103462,False,0.0,0.03011950191351196,0.1,0.0,1.0
8,3,1.281083,False,0.0,0.030590429421823905,0.1,0.0,1.0
9,3,0.881304,False,0.0,0.03106848415966741,0.1,0.0,1.0
10,3,1.60883,False,0.0,0.03155376656970557,0.1,0.0,1.0
11,3,2.952786,False,0.0,0.03204637827643718,0.1,0.0,1.0
12,3,2.379699,False,0.0,0.032546422092570575,0.1,0.0,1.0
13,3,2.508756,False,0.0,0.03305400202515856,0.1,0.0,1.0
14,3,2.058546,False,0.0,0.03356922328148251,0.1,0.0,1.0
15,3,1.062424,False,0.0,0.03409219227467352,0.1,0.0,1.0
16,3,0.880314,False,0.0,0.03462301662905805,0.1,0.0,1.0
17,3,2.212175,False,0.0,0.03516180518521524,0.1,0.0,1.0
18,3,1.68495,False,0.0,0.035708668004732894,0.1,0.0,1.0
19,3,1.437888,False,0.0,0.036263716374648335,0.1,0.0,1.0
20,3,1.635216,False,0.0,0.036827062811560604,0.1,0.0,1.0
21,3,2.388688,False,0.0,0.03739882106539965,0.1,0.0,1.0
22,3,1.401478,False,0.0,0.03797910612283802,0.10000009536743164,0.0,1.0
23,3,1.799309,False,0.0,0.038568034210330206,0.10000009536743164,0.0,1.0
24,3,1.87208,False,0.0,0.039165722796764356,0.10000009536743164,0.0,1.0
25,3,1.700429,False,0.0,0.0397722905957109,0.1,0.0,1.0
26,3,0.347725,False,0.0,0.040387857567251995,0.1,0.0,1.0
27,3,2.235358,False,0.0,0.041012544919375574,0.1,0.0,1.0
28,3,1.418883,False,0.0,0.041646475108917363,0.1,0.0,1.0
29,3,1.256606,False,0.0,0.042289771842033794,0.1,0.0,1.0
30,3,1.853673,False,0.0,0.04294256007418843,0.1,0.0,1.0
31,3,1.206783,False,0.0,0.04360496600963426,0.1,0.0,1.0
32,3,1.672035,False,0.0,0.04427711710037357,0.1,0.0,1.0
33,3,2.055818,False,0.0,0.04495914204457714,0.1,0.0,1.0
34,3,0.760484,False,0.0,0.04565117078444372,0.1,0.0,1.0
35,3,1.427692,False,0.0,0.04635333450348081,0.1,0.0,1.0
36,3,1.976348,False,0.0,0.04706576562318694,0.1,0.0,1.0
37,3,0.909998,False,0.0,0.047788597799115824,0.1,0.0,1.0
38,3,1.961321,False,0.0,0.048521965916301875,0.1,0.0,1.0
39,3,1.432624,False,0.0,0.049266006084026655,0.1,0.0,1.0
40,3,1.539674,False,0.0,0.05002085562990517,0.1,0.0,1.0
41,3,1.233986,False,0.0,0.050786653093270864,0.1,0.0,1.0
42,3,1.370746,False,0.0,0.05156353821783743,0.1,0.0,1.0
43,3,1.385558,False,0.0,0.05235165194361579,0.1,0.0,1.0
44,3,1.277277,False,0.0,0.05315113639806372,0.1,0.0,1.0
45,3,1.860793,False,0.0,0.053962134886445655,0.1,0.0,1.0
46,3,1.102671,False,0.0,0.05478479188137958,0.1,0.0,1.0
47,3,1.021822,False,0.0,0.05561925301154815,0.1,0.0,1.0
48,3,1.178524,False,0.0,0.056465665049550126,0.1,0.0,1.0
49,3,1.290836,False,0.0,0.057324175898868755,0.1,0.0,1.0
50,3,0.36064,False,0.0,0.058194934579932675,0.1,0.0,1.0
51,3,1.172752,False,0.0,0.05907809121524554,0.1,0.0,1.0
52,3,1.665775,False,0.0,0.05997379701355929,0.1,0.0,1.0
53,3,1.522392,False,0.0,0.06088220425306674,0.10000019073486328,0.0,1.0
54,3,0.964127,False,0.0,0.06180346626358857,0.10000009536743164,0.0,1.0
55,3,1.278806,False,0.0,0.06273773740772909,0.10000009536743164,0.0,1.0
56,3,1.459568,False,0.0,0.06368517306097612,0.10000009536743164,0.0,1.0
57,3,1.256742,False,0.0,0.06464592959071908,0.1,0.0,1.0
58,3,0.716778,False,0.0,0.06562016433415982,0.10000009536743164,0.0,1.0
59,3,1.198255,False,0.0,0.06660803557509065,0.10000009536743164,0.0,1.0
60,3,1.120789,False,0.0,0.06760970251951359,0.1,0.0,1.0
61,3,0.77244,False,0.0,0.06862532527007503,0.10000009536743164,0.0,1.0
62,3,0.83419,False,0.0,0.06965506479929011,0.10000009536743164,0.0,1.0
63,3,1.319671,False,0.0,0.07069908292153071,0.10000009536743164,0.0,1.0
64,3,1.202657,False,0.0,0.07175754226375133,0.1,0.0,1.0
65,3,0.637556,False,0.0,0.07283060623492708,0.1,0.0,1.0
66,3,1.283009,False,0.0,0.07391843899417791,0.1,0.0,1.0
67,3,1.474024,False,0.0,0.07502120541755361,0.1,0.0,1.0
68,3,1.860609,False,0.0,0.07613907106345413,0.1,0.0,1.0
69,3,0.959393,False,0.0,0.07727220213665989,0.1,0.0,1.0
70,3,1.221308,False,0.0,0.07842076545094702,0.1,0.0,1.0
71,3,1.191249,False,0.0,0.07958492839026306,0.1,0.0,1.0
72,3,0.704445,False,0.0,0.08076485886843796,0.1,0.0,1.0
73,3,1.141096,False,0.0,0.08196072528740715,0.1,0.0,1.0
74,3,1.36935,False,0.0,0.08317269649392235,0.1,0.0,1.0
75,3,2.226403,False,0.0,0.08440094173472694,0.1,0.0,1.0
76,3,1.66517,False,0.0,0.08564563061017334,0.10000009536743164,0.0,1.0
77,3,1.305332,False,0.0,0.08690693302625986,0.1,0.0,1.0
78,3,1.514349,False,0.0,0.08818501914506544,0.1,0.0,1.0
79,3,0.99038,False,0.0,0.0894800593335614,0.10000009536743164,0.0,1.0
80,3,0.996402,False,0.0,0.09079222411077965,0.10000009536743164,0.0,1.0
81,3,1.196988,False,0.0,0.09212168409331789,0.10000009536743164,0.0,1.0
82,3,1.114662,False,0.0,0.09346860993916298,0.10000009536743164,0.0,1.0
83,3,1.30223,False,0.0,0.09483317228981472,0.10000009536743164,0.0,1.0
84,3,0.909395,False,0.0,0.09621554171069283,0.1,0.0,1.0
85,3,1.614368,False,0.0,0.09761588862981131,0.1,0.0,1.0
86,3,1.766202,False,0.0,0.0990343832747052,0.1,0.0,1.0
87,3,1.098689,False,0.0,0.10047119560759603,0.1,0.0,1.0
88,3,0.812112,False,0.0,0.10192649525878311,0.1,0.0,1.0
89,3,1.151741,False,0.0,0.10340045145824957,0.1,0.0,1.0
90,3,1.138265,False,0.0,0.10489323296547301,0.1,0.0,1.0
91,3,1.823061,False,0.0,0.1064050079974321,0.1,0.0,1.0
92,3,1.188339,False,0.0,0.10793594415480193,0.1,0.0,1.0
93,3,0.935728,False,0.0,0.1094862083463327,0.1,0.0,1.0
94,3,1.05271,False,0.0,0.11105596671140756,0.1,0.0,1.0
95,3,1.313484,False,0.0,0.1126453845407773,0.1,0.0,1.0
96,3,1.263964,False,0.0,0.11425462619547148,0.1,0.0,1.0
97,3,0.719785,False,0.0,0.11588385502388747,0.1,0.0,1.0
98,3,0.130139,False,0.0,0.11753323327706003,0.1,0.0,1.0
99,3,1.070633,False,0.0,0.11920292202211755,0.1,0.0,1.0
100,3,0.104619,False,0.0,0.12089308105393162,0.1,0.0,1.0
101,3,1.853473,False,0.0,0.12260386880496972,0.1,0.0,1.0
102,3,1.10814,False,0.0,0.12433544225336303,0.1,0.0,1.0
103,3,0.929636,False,0.0,0.1260879568292025,0.1,0.0,1.0
104,3,0.159975,False,0.0,0.1278615663190813,0.10000009536743164,0.0,1.0
105,3,1.030361,False,0.0,0.12965642276890063,0.10000009536743164,0.0,1.0
106,3,0.942705,False,0.0,0.1314726763849622,0.1,0.0,1.0
107,3,1.411119,False,0.0,0.13331047543337043,0.1,0.0,1.0
108,3,1.511618,False,0.0,0.13516996613777157,0.1,0.0,1.0
109,3,1.363737,False,0.0,0.13705129257545964,0.1,0.0,1.0
110,3,1.760081,False,0.0,0.1389545965718814,0.1,0.0,1.0
111,3,0.736204,False,0.0,0.14088001759357577,0.1,0.0,1.0
112,3,1.284733,False,0.0,0.14282769263958672,0.1,0.0,1.0
113,3,0.890981,False,0.0,0.14479775613139054,0.1,0.0,1.0
114,3,0.467728,False,0.0,0.14679033980138237,0.10000009536743164,0.0,1.0
115,3,1.071633,False,0.0,0.14880557257997037,0.10000009536743164,0.0,1.0
116,3,0.770056,False,0.0,0.15084358048132776,0.1,0.0,1.0
117,3,0.70913,False,0.0,0.15290448648785823,0.10000009536743164,0.0,1.0
118,3,0.675522,False,0.0,0.15498841043343176,0.1,0.0,1.0
119,3,0.520259,False,0.0,0.1570954688854527,0.1,0.0,1.0
120,3,1.271477,False,0.0,0.15922577502582452,0.1,0.0,1.0
121,3,1.033912,False,0.0,0.16137943853087977,0.1,0.0,1.0
122,3,0.676417,False,0.0,0.1635565654503468,0.1,0.0,1.0
123,3,1.16996,False,0.0,0.16575725808542907,0.1,0.0,1.0
124,3,0.902038,False,0.0,0.16798161486607552,0.1,0.0,1.0
125,3,0.838085,False,0.0,0.1702297302275252,0.1,0.0,1.0
126,3,0.918729,False,0.0,0.17250169448621216,0.1,0.0,1.0
127,3,0.847944,False,0.0,0.1747975937151207,0.1,0.0,1.0
128,3,1.861168,False,0.0,0.1771175096186845,0.1,0.0,1.0
129,3,2.088508,False,0.0,0.17946151940732682,0.1,0.0,1.0
130,3,1.374687,False,0.0,0.1818296956717433,0.10000019073486328,0.0,1.0
131,3,0.827229,False,0.0,0.18422210625703123,0.1,0.0,1.0
132,3,1.226691,False,0.0,0.1866388141367734,0.1,0.0,1.0
133,3,0.868566,False,0.0,0.18907987728718928,0.1,0.0,1.0
134,3,0.488355,False,0.0,0.19154534856146752,0.1,0.0,1.0
135,3,1.268689,False,0.0,0.1940352755643991,0.1,0.0,1.0
136,3,0.740023,False,0.0,0.1965497005274337,0.1,0.0,1.0
137,3,1.391235,False,0.0,0.19908866018428378,0.1,0.0,1.0
138,3,0.852641,False,0.0,0.20165218564720608,0.1,0.0,1.0
139,3,2.16773,False,0.0,0.2042403022840918,0.1,0.0,1.0
140,3,1.442526,False,0.0,0.2068530295965009,0.1,0.0,1.0
141,3,0.575917,False,0.0,0.20949038109877877,0.1,0.0,1.0
142,3,1.285128,False,0.0,0.21215236419839478,0.1,0.0,1.0
143,3,1.718889,False,0.0,0.21483898007764848,0.1,0.0,1.0
144,3,0.567556,False,0.0,0.21755022357688744,0.1,0.0,1.0
145,3,0.977553,False,0.0,0.2202860830793872,0.1,0.0,1.0
146,3,1.489106,False,0.0,0.2230465403980427,0.1,0.0,1.0
147,3,1.0949,False,0.0,0.22583157066402545,0.10000009536743164,0.0,1.0
148,3,1.219669,False,0.0,0.22864114221756085,0.10000009536743164,0.0,1.0
149,3,0.54238,False,0.0,0.23147521650098232,0.1,0.0,1.0
150,3,1.001151,False,0.0,0.23433374795422077,0.1,0.0,1.0
151,3,0.838911,False,0.0,0.237216683912889,0.10000009536743164,0.0,1.0
152,3,0.825539,False,0.0,0.24012396450912174,0.1,0.0,1.0
153,3,1.621605,False,0.0,0.24305552257533283,0.1,0.0,1.0
154,3,1.119998,False,0.0,0.2460112835510519,0.1,0.0,1.0
155,3,0.931008,False,0.0,0.24899116539300367,0.1,0.0,1.0
156,3,0.997268,False,0.0,0.2519950784885917,0.1,0.0,1.0
157,3,0.875252,False,0.0,0.25502292557295014,0.1,0.0,1.0
158,3,0.993227,False,0.0,0.2580746016497258,0.1,0.0,1.0
159,3,0.986324,False,0.0,0.261149993915751,0.1,0.0,1.0
160,3,1.553523,False,0.0,0.2642489816897696,0.1,0.0,1.0
161,3,0.595465,False,0.0,0.26737143634537386,0.1,0.0,1.0
162,3,0.652754,False,0.0,0.2705172212483106,0.1,0.0,1.0
163,3,0.702324,False,0.0,0.273686191698313,0.1,0.0,1.0
164,3,1.075357,False,0.0,0.27687819487561016,0.1,0.0,1.0
165,3,1.221227,False,0.0,0.28009306979226756,0.1,0.0,1.0
166,3,1.080993,False,0.0,0.2833306472485044,0.1,0.0,1.0
167,3,1.300748,False,0.0,0.2865907497941342,0.1,0.0,1.0
168,3,1.314905,False,0.0,0.28987319169527037,0.1,0.0,1.0
169,3,0.78096,False,0.0,0.29317777890643243,0.10000009536743164,0.0,1.0
170,3,0.767524,False,0.0,0.29650430904818886,0.1,0.0,1.0
171,3,1.004914,False,0.0,0.2998525713904629,0.1,0.0,1.0
172,3,0.574077,False,0.0,0.3032223468416272,0.1,0.0,1.0
173,3,1.270101,False,0.0,0.3066134079435043,0.1,0.0,1.0
174,3,1.249898,False,0.0,0.3100255188723875,0.1,0.0,1.0
175,3,2.468143,False,0.0,0.3134584354461889,0.1,0.0,1.0
176,3,0.440471,False,0.0,0.31691190513781486,0.1,0.0,1.0
177,3,1.082925,False,0.0,0.3203856670948646,0.1,0.0,1.0
178,3,1.527297,False,0.0,0.32387945216573893,0.1,0.0,1.0
179,3,1.434491,False,0.0,0.3273929829322395,0.1,0.0,1.0
180,3,0.938022,False,0.0,0.33092597374873245,0.1,0.0,1.0
181,3,1.200563,False,0.0,0.3344781307879405,0.1,0.0,1.0
182,3,1.348642,False,0.0,0.3380491520934221,0.1,0.0,1.0
183,3,1.325204,False,0.0,0.34163872763878583,0.1,0.0,1.0
184,3,1.763218,False,0.0,0.3452465393936807,0.1,0.0,1.0
185,3,1.230482,False,0.0,0.348872261396595,0.1,0.0,1.0
186,3,1.027735,False,0.0,0.35251555983448407,0.1,0.0,1.0
187,3,0.40164,False,0.0,0.3561760931292443,0.1,0.0,1.0
188,3,1.40685,False,0.0,0.3598535120310333,0.1,0.0,1.0
189,3,1.095194,False,0.0,0.36354745971843366,0.1,0.0,1.0
190,3,1.363519,False,0.0,0.36725757190544506,0.1,0.0,1.0
191,3,1.478682,False,0.0,0.3709834769552774,0.1,0.0,1.0
192,3,0.960068,False,0.0,0.3747247960009128,0.1,0.0,1.0
193,3,1.37284,False,0.0,0.378481143072389,0.1,0.0,1.0
194,3,0.80491,False,0.0,0.382252125230751,0.1,0.0,1.0
195,3,1.166338,False,0.0,0.3860373427086035,0.1,0.0,1.0
196,3,0.403713,False,0.0,0.3898363890571894,0.1,0.0,1.0
197,3,0.909683,False,0.0,0.3936488512999092,0.1,0.0,1.0
198,3,1.22948,False,0.0,0.3974743100921823,0.1,0.0,1.0
199,3,1.592952,False,0.0,0.401312339887548,0.1,0.0,1.0
200,3,0.567904,False,0.0,0.40516250910988494,0.10000009536743164,0.0,1.0
201,3,0.949153,False,0.0,0.4090243803316261,0.10000009536743164,0.0,1.0
202,3,0.654202,False,0.0,0.41289751045783046,0.1,0.0,1.0
203,3,0.780677,False,0.0,0.4167814509159666,0.1,0.0,1.0
204,3,1.482037,False,0.0,0.4206757478512505,0.1,0.0,1.0
205,3,1.124066,False,0.0,0.4245799423273733,0.1,0.0,1.0
206,3,1.064978,False,0.0,0.4284935705324441,0.10000009536743164,0.0,1.0
207,3,0.875823,False,0.0,0.4324161639899626,0.1,0.0,1.0
208,3,1.755352,False,0.0,0.4363472497746318,0.1,0.0,1.0
209,3,1.661073,False,0.0,0.440286350732807,0.1,0.0,1.0
210,3,0.756125,False,0.0,0.4442329857073724,0.1,0.0,1.0
211,3,1.256085,False,0.0,0.4481866697668298,0.1,0.0,1.0
212,3,0.992992,False,0.0,0.45214691443837246,0.1,0.0,1.0
213,3,1.323397,False,0.0,0.4561132279447144,0.1,0.0,1.0
214,3,0.423823,False,0.0,0.46008511544443426,0.1,0.0,1.0
215,3,1.4713,False,0.0,0.4640620792755912,0.1,0.0,1.0
216,3,1.093021,False,0.0,0.46804361920235915,0.1,0.0,1.0
217,3,1.11206,False,0.0,0.47202923266442653,0.1,0.0,1.0
218,3,1.490543,False,0.0,0.4760184150288955,0.1,0.0,1.0
219,3,0.761438,False,0.0,0.48001065984441826,0.1,0.0,1.0
220,3,0.452103,False,0.0,0.4840054590972979,0.1,0.0,1.0
221,3,1.37249,False,0.0,0.48800230346928214,0.1,0.0,1.0
222,3,1.352642,False,0.0,0.4920006825967688,0.10000009536743164,0.0,1.0
223,3,0.998127,False,0.0,0.49600008533114887,0.1,0.0,1.0
224,3,0.895624,False,0.0,0.5,0.1,0.0,1.0
225,3,1.565073,False,0.0,0.5039999146688512,0.1,0.0,1.0
226,3,0.230095,False,0.0,0.5079993174032311,0.1,0.0,1.0
227,3,1.106306,False,0.0,0.5119976965307179,0.1,0.0,1.0
228,3,0.800132,False,0.0,0.515994540902702,0.1,0.0,1.0
229,3,0.550161,False,0.0,0.5199893401555818,0.1,0.0,1.0
230,3,1.024266,False,0.0,0.5239815849711045,0.1,0.0,1.0
231,3,1.440499,False,0.0,0.5279707673355735,0.1,0.0,1.0
232,3,1.080914,False,0.0,0.5319563807976408,0.1,0.0,1.0
233,3,1.392298,False,0.0,0.5359379207244089,0.1,0.0,1.0
234,3,1.383338,False,0.0,0.5399148845555656,0.1,0.0,1.0
235,3,1.414513,False,0.0,0.5438867720552856,0.1,0.0,1.0
236,3,0.475787,False,0.0,0.5478530855616274,0.1,0.0,1.0
237,3,0.469061,False,0.0,0.5518133302331701,0.1,0.0,1.0
0,4,1.733938,False,0.0,0.027014379637878443,0.0,0.0,1.0
1,4,1.699265,False,0.0,0.02743813109833486,0.1,0.0,1.0
2,4,1.48066,False,0.0,0.0278683392006816,0.1,0.0,1.0
3,4,1.865989,False,0.0,0.028305096310927595,0.1,0.0,1.0
4,4,1.582461,False,0.0,0.02874849592653997,0.1,0.0,1.0
5,4,1.776239,False,0.0,0.02919863268418474,0.1,0.0,1.0
6,4,1.909681,False,0.0,0.02965560236730284,0.1,0.0,1.0
7,4,1.426085,False,0.0,0.03011950191351196,0.1,0.0,1.0
8,4,1.592872,False,0.0,0.030590429421823905,0.1,0.0,1.0
9,4,1.392831,False,0.0,0.03106848415966741,0.1,0.0,1.0
10,4,1.480532,False,0.0,0.03155376656970557,0.1,0.0,1.0
11,4,1.4736,False,0.0,0.03204637827643718,0.1,0.0,1.0
12,4,1.280688,False,0.0,0.032546422092570575,0.1,0.0,1.0
13,4,1.403494,False,0.0,0.03305400202515856,0.1,0.0,1.0
14,4,1.272804,False,0.0,0.03356922328148251,0.1,0.0,1.0
15,4,1.766247,False,0.0,0.03409219227467352,0.1,0.0,1.0
16,4,1.355443,False,0.0,0.03462301662905805,0.10000009536743164,0.0,1.0
17,4,1.322225,False,0.0,0.03516180518521524,0.1,0.0,1.0
18,4,1.403322,False,0.0,0.035708668004732894,0.1,0.0,1.0
19,4,1.595563,False,0.0,0.036263716374648335,0.1,0.0,1.0
20,4,1.416277,False,0.0,0.036827062811560604,0.10000009536743164,0.0,1.0
21,4,1.368872,False,0.0,0.03739882106539965,0.1,0.0,1.0
22,4,1.207216,False,0.0,0.03797910612283802,0.1,0.0,1.0
23,4,1.387626,False,0.0,0.038568034210330206,0.1,0.0,1.0
24,4,1.206866,False,0.0,0.039165722796764356,0.1,0.0,1.0
25,4,1.2247,False,0.0,0.0397722905957109,0.1,0.0,1.0
26,4,1.180691,False,0.0,0.040387857567251995,0.10000009536743164,0.0,1.0
27,4,1.455072,False,0.0,0.041012544919375574,0.10000009536743164,0.0,1.0
28,4,1.208583,False,0.0,0.041646475108917363,0.1,0.0,1.0
29,4,1.142684,False,0.0,0.042289771842033794,0.1,0.0,1.0
30,4,1.19449,False,0.0,0.04294256007418843,0.1,0.0,1.0
31,4,1.521556,False,0.0,0.04360496600963426,0.1,0.0,1.0
32,4,1.249349,False,0.0,0.04427711710037357,0.1,0.0,1.0
33,4,1.234315,False,0.0,0.04495914204457714,0.1,0.0,1.0
34,4,0.977892,False,0.0,0.04565117078444372,0.10000009536743164,0.0,1.0
35,4,1.185733,False,0.0,0.04635333450348081,0.10000009536743164,0.0,1.0
36,4,1.050462,False,0.0,0.04706576562318694,0.1,0.0,1.0
37,4,1.069762,False,0.0,0.047788597799115824,0.1,0.0,1.0
38,4,1.472123,False,0.0,0.048521965916301875,0.1,0.0,1.0
39,4,1.08194,False,0.0,0.049266006084026655,0.1,0.0,1.0
40,4,1.216818,False,0.0,0.05002085562990517,0.1,0.0,1.0
41,4,1.110158,False,0.0,0.050786653093270864,0.1,0.0,1.0
42,4,1.230681,False,0.0,0.05156353821783743,0.1,0.0,1.0
43,4,1.042444,False,0.0,0.05235165194361579,0.1,0.0,1.0
44,4,1.403195,False,0.0,0.05315113639806372,0.1,0.0,1.0
45,4,1.161329,False,0.0,0.053962134886445655,0.10000009536743164,0.0,1.0
46,4,1.355974,False,0.0,0.05478479188137958,0.10000009536743164,0.0,1.0
47,4,1.162741,False,0.0,0.05561925301154815,0.1,0.0,1.0
48,4,1.035004,False,0.0,0.056465665049550126,0.1,0.0,1.0
49,4,1.228806,False,0.0,0.057324175898868755,0.1,0.0,1.0
50,4,1.073537,False,0.0,0.058194934579932675,0.1,0.0,1.0
51,4,1.165413,False,0.0,0.05907809121524554,0.1,0.0,1.0
52,4,1.087176,False,0.0,0.05997379701355929,0.1,0.0,1.0
53,4,1.121298,False,0.0,0.06088220425306674,0.1,0.0,1.0
54,4,0.823891,False,0.0,0.06180346626358857,0.1,0.0,1.0
55,4,0.982834,False,0.0,0.06273773740772909,0.10000009536743164,0.0,1.0
56,4,0.968359,False,0.0,0.06368517306097612,0.10000009536743164,0.0,1.0
57,4,1.101054,False,0.0,0.06464592959071908,0.10000009536743164,0.0,1.0
58,4,1.059022,False,0.0,0.06562016433415982,0.10000009536743164,0.0,1.0
59,4,1.083914,False,0.0,0.06660803557509065,0.10000009536743164,0.0,1.0
60,4,1.269326,False,0.0,0.06760970251951359,0.10000009536743164,0.0,1.0
61,4,1.173896,False,0.0,0.06862532527007503,0.1,0.0,1.0
62,4,0.876405,False,0.0,0.06965506479929011,0.1,0.0,1.0
63,4,1.18707,False,0.0,0.07069908292153071,0.1,0.0,1.0
64,4,1.006349,False,0.0,0.07175754226375133,0.1,0.0,1.0
65,4,1.133518,False,0.0,0.07283060623492708,0.1,0.0,1.0
66,4,0.849557,False,0.0,0.07391843899417791,0.1,0.0,1.0
67,4,0.88919,False,0.0,0.07502120541755361,0.1,0.0,1.0
68,4,1.375573,False,0.0,0.07613907106345413,0.1,0.0,1.0
69,4,1.126625,False,0.0,0.07727220213665989,0.10000009536743164,0.0,1.0
70,4,1.405609,False,0.0,0.07842076545094702,0.10000009536743164,0.0,1.0
71,4,1.678441,False,0.0,0.07958492839026306,0.10000009536743164,0.0,1.0
72,4,0.956126,False,0.0,0.08076485886843796,0.1,0.0,1.0
73,4,1.12239,False,0.0,0.08196072528740715,0.1,0.0,1.0
74,4,0.983051,False,0.0,0.08317269649392235,0.1,0.0,1.0
75,4,1.17972,False,0.0,0.08440094173472694,0.1,0.0,1.0
76,4,1.198759,False,0.0,0.08564563061017334,0.1,0.0,1.0
77,4,1.099033,False,0.0,0.08690693302625986,0.1,0.0,1.0
78,4,1.273715,False,0.0,0.08818501914506544,0.1,0.0,1.0
79,4,1.13818,False,0.0,0.0894800593335614,0.1,0.0,1.0
80,4,1.078336,False,0.0,0.09079222411077965,0.1,0.0,1.0
81,4,0.842893,False,0.0,0.09212168409331789,0.1,0.0,1.0
82,4,0.875205,False,0.0,0.09346860993916298,0.1,0.0,1.0
83,4,1.165634,False,0.0,0.09483317228981472,0.1,0.0,1.0
84,4,1.016176,False,0.0,0.09621554171069283,0.1,0.0,1.0
85,4,1.066212,False,0.0,0.09761588862981131,0.1,0.0,1.0
86,4,0.717569,False,0.0,0.0990343832747052,0.1,0.0,1.0
87,4,1.176469,False,0.0,0.10047119560759603,0.1,0.0,1.0
88,4,0.971558,False,0.0,0.10192649525878311,0.1,0.0,1.0
89,4,1.226007,False,0.0,0.10340045145824957,0.1,0.0,1.0
90,4,1.158539,False,0.0,0.10489323296547301,0.10000009536743164,0.0,1.0
91,4,0.889734,False,0.0,0.1064050079974321,0.1,0.0,1.0
92,4,1.155348,False,0.0,0.10793594415480193,0.1,0.0,1.0
93,4,0.982477,False,0.0,0.1094862083463327,0.1,0.0,1.0
94,4,0.885728,False,0.0,0.11105596671140756,0.10000019073486328,0.0,1.0
95,4,0.728484,False,0.0,0.1126453845407773,0.1,0.0,1.0
96,4,0.770613,False,0.0,0.11425462619547148,0.1,0.0,1.0
97,4,0.855038,False,0.0,0.11588385502388747,0.1,0.0,1.0
98,4,0.888699,False,0.0,0.11753323327706003,0.1,0.0,1.0
99,4,0.975133,False,0.0,0.11920292202211755,0.1,0.0,1.0
100,4,0.916935,False,0.0,0.12089308105393162,0.1,0.0,1.0
101,4,0.826831,False,0.0,0.12260386880496972,0.1,0.0,1.0
102,4,0.875477,False,0.0,0.12433544225336303,0.1,0.0,1.0
103,4,0.984082,False,0.0,0.1260879568292025,0.1,0.0,1.0
104,4,1.153253,False,0.0,0.1278615663190813,0.1,0.0,1.0
105,4,0.953403,False,0.0,0.12965642276890063,0.1,0.0,1.0
106,4,1.08349,False,0.0,0.1314726763849622,0.1,0.0,1.0
107,4,0.779721,False,0.0,0.13331047543337043,0.1,0.0,1.0
108,4,0.805393,False,0.0,0.13516996613777157,0.1,0.0,1.0
109,4,0.888499,False,0.0,0.13705129257545964,0.1,0.0,1.0
110,4,0.812949,False,0.0,0.1389545965718814,0.1,0.0,1.0
111,4,0.882697,False,0.0,0.14088001759357577,0.1,0.0,1.0
112,4,0.772294,False,0.0,0.14282769263958672,0.1,0.0,1.0
113,4,0.967206,False,0.0,0.14479775613139054,0.1,0.0,1.0
114,4,0.656541,False,0.0,0.14679033980138237,0.1,0.0,1.0
115,4,1.006947,False,0.0,0.14880557257997037,0.1,0.0,1.0
116,4,0.618139,False,0.0,0.15084358048132776,0.10000009536743164,0.0,1.0
117,4,0.731405,False,0.0,0.15290448648785823,0.10000009536743164,0.0,1.0
118,4,0.695122,False,0.0,0.15498841043343176,0.1,0.0,1.0
119,4,0.696267,False,0.0,0.1570954688854527,0.1,0.0,1.0
120,4,0.829575,False,0.0,0.15922577502582452,0.1,0.0,1.0
121,4,0.877806,False,0.0,0.16137943853087977,0.1,0.0,1.0
122,4,0.608279,False,0.0,0.1635565654503468,0.1,0.0,1.0
123,4,0.608114,False,0.0,0.16575725808542907,0.10000009536743164,0.0,1.0
124,4,0.781189,False,0.0,0.16798161486607552,0.10000009536743164,0.0,1.0
125,4,0.816879,False,0.0,0.1702297302275252,0.10000009536743164,0.0,1.0
126,4,0.650819,False,0.0,0.17250169448621216,0.1,0.0,1.0
127,4,1.196835,False,0.0,0.1747975937151207,0.1,0.0,1.0
128,4,0.730923,False,0.0,0.1771175096186845,0.1,0.0,1.0
129,4,1.133431,False,0.0,0.17946151940732682,0.1,0.0,1.0
130,4,0.720188,False,0.0,0.1818296956717433,0.1,0.0,1.0
131,4,0.540462,False,0.0,0.18422210625703123,0.1,0.0,1.0
132,4,0.924286,False,0.0,0.1866388141367734,0.1,0.0,1.0
133,4,0.849795,False,0.0,0.18907987728718928,0.1,0.0,1.0
134,4,0.931589,False,0.0,0.19154534856146752,0.1,0.0,1.0
135,4,0.685278,False,0.0,0.1940352755643991,0.10000009536743164,0.0,1.0
136,4,0.929605,False,0.0,0.1965497005274337,0.10000009536743164,0.0,1.0
137,4,0.879888,False,0.0,0.19908866018428378,0.10000009536743164,0.0,1.0
138,4,0.649629,False,0.0,0.20165218564720608,0.1,0.0,1.0
139,4,0.849281,False,0.0,0.2042403022840918,0.1,0.0,1.0
140,4,0.542858,False,0.0,0.2068530295965009,0.1,0.0,1.0
141,4,0.826785,False,0.0,0.20949038109877877,0.1,0.0,1.0
142,4,0.625743,False,0.0,0.21215236419839478,0.1,0.0,1.0
143,4,0.569492,False,0.0,0.21483898007764848,0.1,0.0,1.0
144,4,0.665258,False,0.0,0.21755022357688744,0.1,0.0,1.0
145,4,0.770506,False,0.0,0.2202860830793872,0.1,0.0,1.0
146,4,0.656469,False,0.0,0.2230465403980427,0.1,0.0,1.0
147,4,0.883475,False,0.0,0.22583157066402545,0.1,0.0,1.0
148,4,1.304875,False,0.0,0.22864114221756085,0.1,0.0,1.0
149,4,0.630497,False,0.0,0.23147521650098232,0.1,0.0,1.0
150,4,0.499388,False,0.0,0.23433374795422077,0.10000009536743164,0.0,1.0
151,4,0.703712,False,0.0,0.237216683912889,0.10000009536743164,0.0,1.0
152,4,0.528073,False,0.0,0.24012396450912174,0.10000009536743164,0.0,1.0
153,4,0.613666,False,0.0,0.24305552257533283,0.10000009536743164,0.0,1.0
154,4,1.055881,False,0.0,0.2460112835510519,0.10000009536743164,0.0,1.0
155,4,0.957473,False,0.0,0.24899116539300367,0.1,0.0,1.0
156,4,0.471994,False,0.0,0.2519950784885917,0.1,0.0,1.0
157,4,0.661445,False,0.0,0.25502292557295014,0.1,0.0,1.0
158,4,0.978637,False,0.0,0.2580746016497258,0.1,0.0,1.0
159,4,0.580541,False,0.0,0.261149993915751,0.1,0.0,1.0
160,4,0.780154,False,0.0,0.2642489816897696,0.1,0.0,1.0
161,4,0.568303,False,0.0,0.26737143634537386,0.1,0.0,1.0
162,4,0.707644,False,0.0,0.2705172212483106,0.1,0.0,1.0
163,4,0.685826,False,0.0,0.273686191698313,0.1,0.0,1.0
164,4,0.807192,False,0.0,0.27687819487561016,0.1,0.0,1.0
165,4,0.74981,False,0.0,0.28009306979226756,0.1,0.0,1.0
166,4,0.757149,False,0.0,0.2833306472485044,0.1,0.0,1.0
167,4,0.511399,False,0.0,0.2865907497941342,0.1,0.0,1.0
168,4,1.09474,False,0.0,0.28987319169527037,0.1,0.0,1.0
169,4,0.333839,False,0.0,0.29317777890643243,0.10000019073486328,0.0,1.0
170,4,0.477088,False,0.0,0.29650430904818886,0.10000019073486328,0.0,1.0
171,4,0.729597,False,0.0,0.2998525713904629,0.10000019073486328,0.0,1.0
172,4,0.684746,False,0.0,0.3032223468416272,0.1,0.0,1.0
173,4,0.896718,False,0.0,0.3066134079435043,0.1,0.0,1.0
174,4,0.810799,False,0.0,0.3100255188723875,0.1,0.0,1.0
175,4,0.468618,False,0.0,0.3134584354461889,0.1,0.0,1.0
176,4,0.426152,False,0.0,0.31691190513781486,0.10000009536743164,0.0,1.0
177,4,0.767537,False,0.0,0.3203856670948646,0.10000009536743164,0.0,1.0
178,4,0.658002,False,0.0,0.32387945216573893,0.1,0.0,1.0
179,4,0.627771,False,0.0,0.3273929829322395,0.1,0.0,1.0
180,4,0.657583,False,0.0,0.33092597374873245,0.1,0.0,1.0
181,4,0.637885,False,0.0,0.3344781307879405,0.1,0.0,1.0
182,4,0.569384,False,0.0,0.3380491520934221,0.1,0.0,1.0
183,4,0.309269,False,0.0,0.34163872763878583,0.1,0.0,1.0
184,4,0.438425,False,0.0,0.3452465393936807,0.1,0.0,1.0
185,4,1.374192,False,0.0,0.348872261396595,0.1,0.0,1.0
186,4,1.271762,False,0.0,0.35251555983448407,0.1,0.0,1.0
187,4,0.672962,False,0.0,0.3561760931292443,0.1,0.0,1.0
188,4,0.719702,False,0.0,0.3598535120310333,0.1,0.0,1.0
189,4,0.772906,False,0.0,0.36354745971843366,0.1,0.0,1.0
190,4,0.53869,False,0.0,0.36725757190544506,0.10000009536743164,0.0,1.0
191,4,0.570177,False,0.0,0.3709834769552774,0.10000009536743164,0.0,1.0
192,4,0.594985,False,0.0,0.3747247960009128,0.10000009536743164,0.0,1.0
193,4,0.677388,False,0.0,0.378481143072389,0.10000009536743164,0.0,1.0
194,4,0.543477,False,0.0,0.382252125230751,0.1,0.0,1.0
195,4,0.512079,False,0.0,0.3860373427086035,0.1,0.0,1.0
196,4,0.662643,False,0.0,0.3898363890571894,0.1,0.0,1.0
197,4,1.061487,False,0.0,0.3936488512999092,0.1,0.0,1.0
198,4,0.917933,False,0.0,0.3974743100921823,0.1,0.0,1.0
199,4,0.532362,False,0.0,0.401312339887548,0.1,0.0,1.0
200,4,0.571755,False,0.0,0.40516250910988494,0.1,0.0,1.0
201,4,0.657538,False,0.0,0.4090243803316261,0.1,0.0,1.0
202,4,0.393267,False,0.0,0.41289751045783046,0.10000009536743164,0.0,1.0
203,4,0.66448,False,0.0,0.4167814509159666,0.10000009536743164,0.0,1.0
204,4,0.46364,False,0.0,0.4206757478512505,0.1,0.0,1.0
205,4,0.715297,False,0.0,0.4245799423273733,0.1,0.0,1.0
206,4,0.657028,False,0.0,0.4284935705324441,0.10000009536743164,0.0,1.0
207,4,0.848656,False,0.0,0.4324161639899626,0.10000009536743164,0.0,1.0
208,4,0.474515,False,0.0,0.4363472497746318,0.1,0.0,1.0
209,4,0.62183,False,0.0,0.440286350732807,0.1,0.0,1.0
210,4,0.340285,False,0.0,0.4442329857073724,0.1,0.0,1.0
211,4,0.76991,False,0.0,0.4481866697668298,0.1,0.0,1.0
212,4,0.759399,False,0.0,0.45214691443837246,0.1,0.0,1.0
213,4,0.703165,False,0.0,0.4561132279447144,0.1,0.0,1.0
214,4,0.627063,False,0.0,0.46008511544443426,0.1,0.0,1.0
215,4,0.584886,False,0.0,0.4640620792755912,0.1,0.0,1.0
216,4,0.861941,False,0.0,0.46804361920235915,0.1,0.0,1.0
217,4,0.300746,False,0.0,0.47202923266442653,0.1,0.0,1.0
218,4,0.476944,False,0.0,0.4760184150288955,0.1,0.0,1.0
219,4,0.476985,False,0.0,0.48001065984441826,0.1,0.0,1.0
220,4,0.327387,False,0.0,0.4840054590972979,0.1,0.0,1.0
221,4,0.406949,False,0.0,0.48800230346928214,0.1,0.0,1.0
222,4,0.244137,False,0.0,0.4920006825967688,0.10000009536743164,0.0,1.0
223,4,0.811468,False,0.0,0.49600008533114887,0.10000009536743164,0.0,1.0
224,4,0.541999,False,0.0,0.5,0.1,0.0,1.0
225,4,0.327076,False,0.0,0.5039999146688512,0.1,0.0,1.0
226,4,0.294309,False,0.0,0.5079993174032311,0.1,0.0,1.0
227,4,0.663682,False,0.0,0.5119976965307179,0.1,0.0,1.0
228,4,0.259588,False,0.0,0.515994540902702,0.1,0.0,1.0
229,4,0.58926,False,0.0,0.5199893401555818,0.1,0.0,1.0
230,4,0.356812,False,0.0,0.5239815849711045,0.1,0.0,1.0
231,4,0.441866,False,0.0,0.5279707673355735,0.1,0.0,1.0
232,4,0.286359,False,0.0,0.5319563807976408,0.1,0.0,1.0
233,4,0.337493,False,0.0,0.5359379207244089,0.1,0.0,1.0
234,4,0.522721,False,0.0,0.5399148845555656,0.1,0.0,1.0
235,4,0.436826,False,0.0,0.5438867720552856,0.1,0.0,1.0
236,4,0.503117,False,0.0,0.5478530855616274,0.1,0.0,1.0
237,4,0.529666,False,0.0,0.5518133302331701,0.1,0.0,1.0
238,4,0.25176,False,0.0,0.5557670142926274,0.10000009536743164,0.0,1.0
239,4,0.457286,False,0.0,0.5597136492671929,0.10000009536743164,0.0,1.0
240,4,0.704249,False,0.0,0.5636527502253681,0.10000009536743164,0.0,1.0
241,4,0.280683,False,0.0,0.5675838360100374,0.1,0.0,1.0
242,4,0.682321,False,0.0,0.5715064294675558,0.1,0.0,1.0
243,4,0.843612,False,0.0,0.5754200576726266,0.1,0.0,1.0
244,4,0.617904,False,0.0,0.5793242521487494,0.1,0.0,1.0
245,4,0.367612,False,0.0,0.5832185490840334,0.1,0.0,1.0
246,4,0.455549,False,0.0,0.5871024895421696,0.1,0.0,1.0
247,4,0.681115,False,0.0,0.590975619668374,0.1,0.0,1.0
248,4,0.545675,False,0.0,0.5948374908901151,0.10000009536743164,0.0,1.0
249,4,0.533032,False,0.0,0.598687660112452,0.1,0.0,1.0
0,5,2.921123,False,0.0,0.027014379637878443,0.0,0.0,1.0
1,5,2.538706,False,0.0,0.02743813109833486,0.1,0.0,1.0
2,5,2.377559,False,0.0,0.0278683392006816,0.10000009536743164,0.0,1.0
3,5,2.324321,False,0.0,0.028305096310927595,0.1,0.0,1.0
4,5,2.269135,False,0.0,0.02874849592653997,0.1,0.0,1.0
5,5,2.380276,False,0.0,0.02919863268418474,0.1,0.0,1.0
6,5,1.953136,False,0.0,0.02965560236730284,0.1,0.0,1.0
7,5,2.102291,False,0.0,0.03011950191351196,0.1,0.0,1.0
8,5,1.766721,False,0.0,0.030590429421823905,0.1,0.0,1.0
9,5,2.175007,False,0.0,0.03106848415966741,0.1,0.0,1.0
10,5,1.936186,False,0.0,0.03155376656970557,0.1,0.0,1.0
11,5,1.771593,False,0.0,0.03204637827643718,0.1,0.0,1.0
12,5,2.122266,False,0.0,0.032546422092570575,0.1,0.0,1.0
13,5,1.977133,False,0.0,0.03305400202515856,0.1,0.0,1.0
14,5,1.899364,False,0.0,0.03356922328148251,0.1,0.0,1.0
15,5,2.188817,False,0.0,0.03409219227467352,0.1,0.0,1.0
16,5,2.148254,False,0.0,0.03462301662905805,0.1,0.0,1.0
17,5,1.848196,False,0.0,0.03516180518521524,0.10000009536743164,0.0,1.0
18,5,1.696999,False,0.0,0.035708668004732894,0.1,0.0,1.0
19,5,1.893123,False,0.0,0.036263716374648335,0.1,0.0,1.0
20,5,1.7879,False,0.0,0.036827062811560604,0.1,0.0,1.0
21,5,1.749591,False,0.0,0.03739882106539965,0.1,0.0,1.0
22,5,1.89519,False,0.0,0.03797910612283802,0.1,0.0,1.0
23,5,1.744436,False,0.0,0.038568034210330206,0.1,0.0,1.0
24,5,1.816116,False,0.0,0.039165722796764356,0.1,0.0,1.0
25,5,1.923025,False,0.0,0.0397722905957109,0.1,0.0,1.0
26,5,2.224763,False,0.0,0.040387857567251995,0.1,0.0,1.0
27,5,1.680238,False,0.0,0.041012544919375574,0.10000009536743164,0.0,1.0
28,5,1.919219,False,0.0,0.041646475108917363,0.10000009536743164,0.0,1.0
29,5,1.623858,False,0.0,0.042289771842033794,0.1,0.0,1.0
30,5,1.820179,False,0.0,0.04294256007418843,0.1,0.0,1.0
31,5,1.891359,False,0.0,0.04360496600963426,0.1,0.0,1.0
32,5,1.81355,False,0.0,0.04427711710037357,0.1,0.0,1.0
33,5,1.850339,False,0.0,0.04495914204457714,0.1,0.0,1.0
34,5,1.783967,False,0.0,0.04565117078444372,0.1,0.0,1.0
35,5,1.5721,False,0.0,0.04635333450348081,0.1,0.0,1.0
36,5,1.70452,False,0.0,0.04706576562318694,0.1,0.0,1.0
37,5,1.907574,False,0.0,0.047788597799115824,0.1,0.0,1.0
38,5,1.80788,False,0.0,0.048521965916301875,0.1,0.0,1.0
39,5,1.693578,False,0.0,0.049266006084026655,0.1,0.0,1.0
40,5,2.097381,False,0.0,0.05002085562990517,0.1,0.0,1.0
41,5,1.856976,False,0.0,0.050786653093270864,0.1,0.0,1.0
42,5,1.626768,False,0.0,0.05156353821783743,0.1,0.0,1.0
43,5,1.793362,False,0.0,0.05235165194361579,0.1,0.0,1.0
44,5,1.57394,False,0.0,0.05315113639806372,0.1,0.0,1.0
45,5,1.561873,False,0.0,0.053962134886445655,0.1,0.0,1.0
46,5,1.869062,False,0.0,0.05478479188137958,0.1,0.0,1.0
47,5,1.552693,False,0.0,0.05561925301154815,0.1,0.0,1.0
48,5,1.693316,False,0.0,0.056465665049550126,0.1,0.0,1.0
49,5,1.888046,False,0.0,0.057324175898868755,0.1,0.0,1.0
50,5,1.497682,False,0.0,0.058194934579932675,0.1,0.0,1.0
51,5,1.489454,False,0.0,0.05907809121524554,0.1,0.0,1.0
52,5,1.456319,False,0.0,0.05997379701355929,0.1,0.0,1.0
53,5,1.479141,False,0.0,0.06088220425306674,0.1,0.0,1.0
54,5,1.480593,False,0.0,0.06180346626358857,0.1,0.0,1.0
55,5,1.64692,False,0.0,0.06273773740772909,0.1,0.0,1.0
56,5,2.072439,False,0.0,0.06368517306097612,0.1,0.0,1.0
57,5,1.262665,False,0.0,0.06464592959071908,0.1,0.0,1.0
58,5,1.524181,False,0.0,0.06562016433415982,0.1,0.0,1.0
59,5,1.460991,False,0.0,0.06660803557509065,0.1,0.0,1.0
60,5,1.543192,False,0.0,0.06760970251951359,0.1,0.0,1.0
61,5,1.50928,False,0.0,0.06862532527007503,0.1,0.0,1.0
62,5,1.315406,False,0.0,0.06965506479929011,0.1,0.0,1.0
63,5,1.573194,False,0.0,0.07069908292153071,0.1,0.0,1.0
64,5,1.476841,False,0.0,0.07175754226375133,0.1,0.0,1.0
65,5,1.440996,False,0.0,0.07283060623492708,0.10000009536743164,0.0,1.0
66,5,1.764001,False,0.0,0.07391843899417791,0.10000009536743164,0.0,1.0
67,5,1.35531,False,0.0,0.07502120541755361,0.1,0.0,1.0
68,5,1.663901,False,0.0,0.07613907106345413,0.1,0.0,1.0
69,5,1.504015,False,0.0,0.07727220213665989,0.10000009536743164,0.0,1.0
70,5,1.221537,False,0.0,0.07842076545094702,0.1,0.0,1.0
71,5,1.612728,False,0.0,0.07958492839026306,0.1,0.0,1.0
72,5,1.548282,False,0.0,0.08076485886843796,0.10000009536743164,0.0,1.0
73,5,1.687524,False,0.0,0.08196072528740715,0.10000009536743164,0.0,1.0
74,5,1.435364,False,0.0,0.08317269649392235,0.1,0.0,1.0
75,5,1.512263,False,0.0,0.08440094173472694,0.1,0.0,1.0
76,5,1.365768,False,0.0,0.08564563061017334,0.1,0.0,1.0
77,5,1.68718,False,0.0,0.08690693302625986,0.1,0.0,1.0
78,5,1.32682,False,0.0,0.08818501914506544,0.1,0.0,1.0
79,5,1.305247,False,0.0,0.0894800593335614,0.10000019073486328,0.0,1.0
80,5,1.487574,False,0.0,0.09079222411077965,0.10000019073486328,0.0,1.0
81,5,1.431182,False,0.0,0.09212168409331789,0.10000009536743164,0.0,1.0
82,5,1.678835,False,0.0,0.09346860993916298,0.10000009536743164,0.0,1.0
83,5,1.146647,False,0.0,0.09483317228981472,0.1,0.0,1.0
84,5,1.421276,False,0.0,0.09621554171069283,0.1,0.0,1.0
85,5,1.619608,False,0.0,0.09761588862981131,0.1,0.0,1.0
86,5,1.874109,False,0.0,0.0990343832747052,0.1,0.0,1.0
87,5,1.223432,False,0.0,0.10047119560759603,0.10000009536743164,0.0,1.0
88,5,1.248561,False,0.0,0.10192649525878311,0.10000009536743164,0.0,1.0
89,5,1.408823,False,0.0,0.10340045145824957,0.10000009536743164,0.0,1.0
90,5,1.84387,False,0.0,0.10489323296547301,0.10000009536743164,0.0,1.0
91,5,1.944354,False,0.0,0.1064050079974321,0.10000009536743164,0.0,1.0
92,5,1.294731,False,0.0,0.10793594415480193,0.1,0.0,1.0
93,5,1.094316,False,0.0,0.1094862083463327,0.1,0.0,1.0
94,5,1.716136,False,0.0,0.11105596671140756,0.1,0.0,1.0
95,5,1.6946,False,0.0,0.1126453845407773,0.1,0.0,1.0
96,5,1.478272,False,0.0,0.11425462619547148,0.1,0.0,1.0
97,5,1.319386,False,0.0,0.11588385502388747,0.10000009536743164,0.0,1.0
98,5,1.313162,False,0.0,0.11753323327706003,0.1,0.0,1.0
99,5,1.257189,False,0.0,0.11920292202211755,0.1,0.0,1.0
100,5,1.286384,False,0.0,0.12089308105393162,0.1,0.0,1.0
101,5,1.594011,False,0.0,0.12260386880496972,0.1,0.0,1.0
102,5,1.389346,False,0.0,0.12433544225336303,0.1,0.0,1.0
103,5,1.129794,False,0.0,0.1260879568292025,0.1,0.0,1.0
104,5,1.173638,False,0.0,0.1278615663190813,0.1,0.0,1.0
105,5,1.342541,False,0.0,0.12965642276890063,0.1,0.0,1.0
106,5,1.368914,False,0.0,0.1314726763849622,0.1,0.0,1.0
107,5,1.144935,False,0.0,0.13331047543337043,0.1,0.0,1.0
108,5,1.355524,False,0.0,0.13516996613777157,0.1,0.0,1.0
109,5,1.184111,False,0.0,0.13705129257545964,0.1,0.0,1.0
110,5,1.597928,False,0.0,0.1389545965718814,0.10000009536743164,0.0,1.0
111,5,1.315642,False,0.0,0.14088001759357577,0.1,0.0,1.0
112,5,1.586822,False,0.0,0.14282769263958672,0.1,0.0,1.0
113,5,1.046639,False,0.0,0.14479775613139054,0.1,0.0,1.0
114,5,1.44499,False,0.0,0.14679033980138237,0.1,0.0,1.0
115,5,1.336654,False,0.0,0.14880557257997037,0.1,0.0,1.0
116,5,0.948276,False,0.0,0.15084358048132776,0.1,0.0,1.0
117,5,2.101513,False,0.0,0.15290448648785823,0.1,0.0,1.0
118,5,1.461755,False,0.0,0.15498841043343176,0.1,0.0,1.0
119,5,1.198142,False,0.0,0.1570954688854527,0.1,0.0,1.0
120,5,1.030678,False,0.0,0.15922577502582452,0.1,0.0,1.0
121,5,1.106054,False,0.0,0.16137943853087977,0.1,0.0,1.0
122,5,1.45972,False,0.0,0.1635565654503468,0.1,0.0,1.0
123,5,1.570765,False,0.0,0.16575725808542907,0.1,0.0,1.0
124,5,1.255198,False,0.0,0.16798161486607552,0.1,0.0,1.0
125,5,1.558158,False,0.0,0.1702297302275252,0.1,0.0,1.0
126,5,1.494463,False,0.0,0.17250169448621216,0.1,0.0,1.0
127,5,1.21296,False,0.0,0.1747975937151207,0.1,0.0,1.0
128,5,1.617171,False,0.0,0.1771175096186845,0.1,0.0,1.0
129,5,1.139507,False,0.0,0.17946151940732682,0.1,0.0,1.0
130,5,1.154242,False,0.0,0.1818296956717433,0.1,0.0,1.0
131,5,1.095168,False,0.0,0.18422210625703123,0.1,0.0,1.0
132,5,1.249146,False,0.0,0.1866388141367734,0.1,0.0,1.0
133,5,1.311874,False,0.0,0.18907987728718928,0.1,0.0,1.0
134,5,1.171405,False,0.0,0.19154534856146752,0.1,0.0,1.0
135,5,0.957314,False,0.0,0.1940352755643991,0.1,0.0,1.0
136,5,1.452733,False,0.0,0.1965497005274337,0.1,0.0,1.0
137,5,1.520812,False,0.0,0.19908866018428378,0.1,0.0,1.0
138,5,1.45451,False,0.0,0.20165218564720608,0.1,0.0,1.0
139,5,1.298175,False,0.0,0.2042403022840918,0.1,0.0,1.0
140,5,1.192325,False,0.0,0.2068530295965009,0.1,0.0,1.0
141,5,1.181822,False,0.0,0.20949038109877877,0.1,0.0,1.0
142,5,1.021501,False,0.0,0.21215236419839478,0.1,0.0,1.0
143,5,1.099289,False,0.0,0.21483898007764848,0.1,0.0,1.0
144,5,1.170191,False,0.0,0.21755022357688744,0.1,0.0,1.0
145,5,1.084033,False,0.0,0.2202860830793872,0.1,0.0,1.0
146,5,1.330461,False,0.0,0.2230465403980427,0.1,0.0,1.0
147,5,1.099125,False,0.0,0.22583157066402545,0.1,0.0,1.0
148,5,1.337183,False,0.0,0.22864114221756085,0.1,0.0,1.0
149,5,1.089831,False,0.0,0.23147521650098232,0.1,0.0,1.0
150,5,1.198831,False,0.0,0.23433374795422077,0.1,0.0,1.0
151,5,0.848975,False,0.0,0.237216683912889,0.1,0.0,1.0
152,5,1.179311,False,0.0,0.24012396450912174,0.10000009536743164,0.0,1.0
153,5,1.232541,False,0.0,0.24305552257533283,0.10000009536743164,0.0,1.0
154,5,0.869631,False,0.0,0.2460112835510519,0.1,0.0,1.0
155,5,1.449305,False,0.0,0.24899116539300367,0.1,0.0,1.0
156,5,1.113653,False,0.0,0.2519950784885917,0.1,0.0,1.0
157,5,1.403726,False,0.0,0.25502292557295014,0.1,0.0,1.0
158,5,1.435603,False,0.0,0.2580746016497258,0.1,0.0,1.0
159,5,1.137969,False,0.0,0.261149993915751,0.1,0.0,1.0
160,5,1.317858,False,0.0,0.2642489816897696,0.1,0.0,1.0
161,5,1.236208,False,0.0,0.26737143634537386,0.1,0.0,1.0
162,5,1.065024,False,0.0,0.2705172212483106,0.1,0.0,1.0
163,5,1.193458,False,0.0,0.273686191698313,0.1,0.0,1.0
164,5,0.836538,False,0.0,0.27687819487561016,0.1,0.0,1.0
165,5,1.205666,False,0.0,0.28009306979226756,0.1,0.0,1.0
166,5,1.027715,False,0.0,0.2833306472485044,0.1,0.0,1.0
167,5,1.454635,False,0.0,0.2865907497941342,0.1,0.0,1.0
168,5,1.513137,False,0.0,0.28987319169527037,0.1,0.0,1.0
169,5,1.356682,False,0.0,0.29317777890643243,0.1,0.0,1.0
170,5,1.489717,False,0.0,0.29650430904818886,0.1,0.0,1.0
171,5,1.098776,False,0.0,0.2998525713904629,0.10000009536743164,0.0,1.0
172,5,1.2993,False,0.0,0.3032223468416272,0.10000009536743164,0.0,1.0
173,5,0.943987,False,0.0,0.3066134079435043,0.1,0.0,1.0
174,5,1.256502,False,0.0,0.3100255188723875,0.1,0.0,1.0
175,5,0.889418,False,0.0,0.3134584354461889,0.1,0.0,1.0
176,5,1.00624,False,0.0,0.31691190513781486,0.1,0.0,1.0
177,5,1.31577,False,0.0,0.3203856670948646,0.1,0.0,1.0
178,5,1.598915,False,0.0,0.32387945216573893,0.1,0.0,1.0
179,5,1.662381,False,0.0,0.3273929829322395,0.1,0.0,1.0
180,5,1.155203,False,0.0,0.33092597374873245,0.1,0.0,1.0
181,5,1.048238,False,0.0,0.3344781307879405,0.1,0.0,1.0
182,5,1.535723,False,0.0,0.3380491520934221,0.1,0.0,1.0
183,5,0.98817,False,0.0,0.34163872763878583,0.1,0.0,1.0
184,5,1.22043,False,0.0,0.3452465393936807,0.1,0.0,1.0
185,5,1.053179,False,0.0,0.348872261396595,0.1,0.0,1.0
186,5,0.909488,False,0.0,0.35251555983448407,0.1,0.0,1.0
187,5,1.060545,False,0.0,0.3561760931292443,0.1,0.0,1.0
188,5,1.231425,False,0.0,0.3598535120310333,0.1,0.0,1.0
189,5,1.14042,False,0.0,0.36354745971843366,0.1,0.0,1.0
190,5,1.28497,False,0.0,0.36725757190544506,0.1,0.0,1.0
191,5,1.349815,False,0.0,0.3709834769552774,0.1,0.0,1.0
192,5,1.007993,False,0.0,0.3747247960009128,0.10000009536743164,0.0,1.0
193,5,1.131177,False,0.0,0.378481143072389,0.10000009536743164,0.0,1.0
194,5,1.216164,False,0.0,0.382252125230751,0.10000009536743164,0.0,1.0
195,5,1.034352,False,0.0,0.3860373427086035,0.1,0.0,1.0
196,5,0.991282,False,0.0,0.3898363890571894,0.10000019073486328,0.0,1.0
197,5,1.221606,False,0.0,0.3936488512999092,0.10000019073486328,0.0,1.0
198,5,0.862791,False,0.0,0.3974743100921823,0.10000009536743164,0.0,1.0
199,5,1.03824,False,0.0,0.401312339887548,0.10000009536743164,0.0,1.0
200,5,1.177832,False,0.0,0.40516250910988494,0.10000009536743164,0.0,1.0
201,5,0.953164,False,0.0,0.4090243803316261,0.1,0.0,1.0
202,5,1.377012,False,0.0,0.41289751045783046,0.1,0.0,1.0
203,5,0.756228,False,0.0,0.4167814509159666,0.1,0.0,1.0
204,5,0.958726,False,0.0,0.4206757478512505,0.1,0.0,1.0
205,5,0.957569,False,0.0,0.4245799423273733,0.1,0.0,1.0
206,5,1.033996,False,0.0,0.4284935705324441,0.1,0.0,1.0
207,5,0.923099,False,0.0,0.4324161639899626,0.1,0.0,1.0
208,5,0.817134,False,0.0,0.4363472497746318,0.1,0.0,1.0
209,5,0.998773,False,0.0,0.440286350732807,0.1,0.0,1.0
210,5,0.706361,False,0.0,0.4442329857073724,0.1,0.0,1.0
211,5,0.913778,False,0.0,0.4481866697668298,0.1,0.0,1.0
212,5,0.831074,False,0.0,0.45214691443837246,0.1,0.0,1.0
213,5,1.07602,False,0.0,0.4561132279447144,0.1,0.0,1.0
214,5,0.868743,False,0.0,0.46008511544443426,0.1,0.0,1.0
215,5,0.863441,False,0.0,0.4640620792755912,0.1,0.0,1.0
216,5,0.985446,False,0.0,0.46804361920235915,0.1,0.0,1.0
217,5,0.885086,False,0.0,0.47202923266442653,0.1,0.0,1.0
218,5,0.816075,False,0.0,0.4760184150288955,0.1,0.0,1.0
219,5,0.9752,False,0.0,0.48001065984441826,0.1,0.0,1.0
220,5,0.779837,False,0.0,0.4840054590972979,0.1,0.0,1.0
221,5,1.15703,False,0.0,0.48800230346928214,0.1,0.0,1.0
222,5,1.11321,False,0.0,0.4920006825967688,0.10000009536743164,0.0,1.0
223,5,1.040104,False,0.0,0.49600008533114887,0.1,0.0,1.0
224,5,1.235264,False,0.0,0.5,0.1,0.0,1.0
225,5,0.828096,False,0.0,0.5039999146688512,0.1,0.0,1.0
226,5,1.119283,False,0.0,0.5079993174032311,0.1,0.0,1.0
227,5,0.870566,False,0.0,0.5119976965307179,0.1,0.0,1.0
228,5,0.904019,False,0.0,0.515994540902702,0.1,0.0,1.0
229,5,1.09913,False,0.0,0.5199893401555818,0.1,0.0,1.0
230,5,0.950319,False,0.0,0.5239815849711045,0.1,0.0,1.0
231,5,0.984977,False,0.0,0.5279707673355735,0.1,0.0,1.0
232,5,0.841024,False,0.0,0.5319563807976408,0.1,0.0,1.0
233,5,0.82513,False,0.0,0.5359379207244089,0.10000009536743164,0.0,1.0
234,5,0.73052,False,0.0,0.5399148845555656,0.1,0.0,1.0
235,5,1.019856,False,0.0,0.5438867720552856,0.1,0.0,1.0
236,5,1.053593,False,0.0,0.5478530855616274,0.1,0.0,1.0
237,5,0.848444,False,0.0,0.5518133302331701,0.1,0.0,1.0
238,5,0.816481,False,0.0,0.5557670142926274,0.10000009536743164,0.0,1.0
239,5,0.814194,False,0.0,0.5597136492671929,0.1,0.0,1.0
240,5,0.938241,False,0.0,0.5636527502253681,0.1,0.0,1.0
241,5,1.110097,False,0.0,0.5675838360100374,0.1,0.0,1.0
242,5,0.856983,False,0.0,0.5715064294675558,0.1,0.0,1.0
243,5,1.04557,False,0.0,0.5754200576726266,0.1,0.0,1.0
244,5,0.708177,False,0.0,0.5793242521487494,0.1,0.0,1.0
245,5,0.943524,False,0.0,0.5832185490840334,0.1,0.0,1.0
246,5,0.6212,False,0.0,0.5871024895421696,0.1,0.0,1.0
247,5,0.831067,False,0.0,0.590975619668374,0.1,0.0,1.0
248,5,0.930319,False,0.0,0.5948374908901151,0.1,0.0,1.0
249,5,0.798596,False,0.0,0.598687660112452,0.1,0.0,1.0
0,6,1.962116,False,0.0,0.027014379637878443,0.0,0.0,1.0
1,6,1.903603,False,0.0,0.02743813109833486,0.1,0.0,1.0
2,6,1.717417,False,0.0,0.0278683392006816,0.1,0.0,1.0
3,6,1.200472,False,0.0,0.028305096310927595,0.1,0.0,1.0
4,6,1.203685,False,0.0,0.02874849592653997,0.1,0.0,1.0
5,6,1.523184,False,0.0,0.02919863268418474,0.1,0.0,1.0
6,6,1.073016,False,0.0,0.02965560236730284,0.1,0.0,1.0
7,6,0.981259,False,0.0,0.03011950191351196,0.1,0.0,1.0
8,6,1.033152,False,0.0,0.030590429421823905,0.1,0.0,1.0
9,6,0.886792,False,0.0,0.03106848415966741,0.1,0.0,1.0
10,6,1.264039,False,0.0,0.03155376656970557,0.1,0.0,1.0
11,6,1.137153,False,0.0,0.03204637827643718,0.1,0.0,1.0
12,6,1.099986,False,0.0,0.032546422092570575,0.1,0.0,1.0
13,6,1.008435,False,0.0,0.03305400202515856,0.1,0.0,1.0
14,6,0.795636,False,0.0,0.03356922328148251,0.1,0.0,1.0
15,6,1.326538,False,0.0,0.03409219227467352,0.1,0.0,1.0
16,6,1.099874,False,0.0,0.03462301662905805,0.1,0.0,1.0
17,6,0.923638,False,0.0,0.03516180518521524,0.1,0.0,1.0
18,6,0.770743,False,0.0,0.035708668004732894,0.1,0.0,1.0
19,6,0.681784,False,0.0,0.036263716374648335,0.1,0.0,1.0
20,6,0.881725,False,0.0,0.036827062811560604,0.1,0.0,1.0
21,6,1.424688,False,0.0,0.03739882106539965,0.1,0.0,1.0
22,6,0.785627,False,0.0,0.03797910612283802,0.1,0.0,1.0
23,6,0.561351,False,0.0,0.038568034210330206,0.1,0.0,1.0
24,6,0.885167,False,0.0,0.039165722796764356,0.1,0.0,1.0
25,6,0.658368,False,0.0,0.0397722905957109,0.1,0.0,1.0
26,6,0.970853,False,0.0,0.040387857567251995,0.1,0.0,1.0
27,6,0.674353,False,0.0,0.041012544919375574,0.1,0.0,1.0
28,6,1.335839,False,0.0,0.041646475108917363,0.1,0.0,1.0
29,6,1.02107,False,0.0,0.042289771842033794,0.1,0.0,1.0
30,6,0.609278,False,0.0,0.04294256007418843,0.10000009536743164,0.0,1.0
31,6,0.660975,False,0.0,0.04360496600963426,0.10000009536743164,0.0,1.0
32,6,0.859945,False,0.0,0.04427711710037357,0.10000009536743164,0.0,1.0
33,6,0.662942,False,0.0,0.04495914204457714,0.1,0.0,1.0
34,6,0.788848,False,0.0,0.04565117078444372,0.1,0.0,1.0
35,6,1.021013,False,0.0,0.04635333450348081,0.1,0.0,1.0
36,6,0.585509,False,0.0,0.04706576562318694,0.10000009536743164,0.0,1.0
37,6,0.579484,False,0.0,0.047788597799115824,0.1,0.0,1.0
38,6,0.70467,False,0.0,0.048521965916301875,0.1,0.0,1.0
39,6,0.909722,False,0.0,0.049266006084026655,0.1,0.0,1.0
40,6,0.49691,False,0.0,0.05002085562990517,0.1,0.0,1.0
41,6,0.815426,False,0.0,0.050786653093270864,0.1,0.0,1.0
42,6,0.726053,False,0.0,0.05156353821783743,0.1,0.0,1.0
43,6,0.598857,False,0.0,0.05235165194361579,0.1,0.0,1.0
44,6,0.617215,False,0.0,0.05315113639806372,0.1,0.0,1.0
45,6,0.702679,False,0.0,0.053962134886445655,0.1,0.0,1.0
46,6,0.978271,False,0.0,0.05478479188137958,0.1,0.0,1.0
47,6,1.163822,False,0.0,0.05561925301154815,0.1,0.0,1.0
48,6,1.038259,False,0.0,0.056465665049550126,0.1,0.0,1.0
49,6,0.765959,False,0.0,0.057324175898868755,0.1,0.0,1.0
50,6,0.814415,False,0.0,0.058194934579932675,0.1,0.0,1.0
51,6,0.918775,False,0.0,0.05907809121524554,0.1,0.0,1.0
52,6,0.827742,False,0.0,0.05997379701355929,0.1,0.0,1.0
53,6,0.732288,False,0.0,0.06088220425306674,0.1,0.0,1.0
54,6,0.780796,False,0.0,0.06180346626358857,0.1,0.0,1.0
55,6,0.615263,False,0.0,0.06273773740772909,0.10000009536743164,0.0,1.0
56,6,0.995975,False,0.0,0.06368517306097612,0.10000009536743164,0.0,1.0
57,6,0.475214,False,0.0,0.06464592959071908,0.10000009536743164,0.0,1.0
58,6,0.783278,False,0.0,0.06562016433415982,0.10000009536743164,0.0,1.0
59,6,0.688066,False,0.0,0.06660803557509065,0.1,0.0,1.0
60,6,0.754432,False,0.0,0.06760970251951359,0.1,0.0,1.0
61,6,0.79028,False,0.0,0.06862532527007503,0.10000009536743164,0.0,1.0
62,6,0.541542,False,0.0,0.06965506479929011,0.1,0.0,1.0
63,6,0.683069,False,0.0,0.07069908292153071,0.1,0.0,1.0
64,6,0.804366,False,0.0,0.07175754226375133,0.1,0.0,1.0
65,6,0.96309,False,0.0,0.07283060623492708,0.1,0.0,1.0
66,6,0.876607,False,0.0,0.07391843899417791,0.1,0.0,1.0
67,6,0.584747,False,0.0,0.07502120541755361,0.1,0.0,1.0
68,6,0.708292,False,0.0,0.07613907106345413,0.1,0.0,1.0
69,6,0.81799,False,0.0,0.07727220213665989,0.1,0.0,1.0
70,6,0.570951,False,0.0,0.07842076545094702,0.1,0.0,1.0
71,6,0.632956,False,0.0,0.07958492839026306,0.1,0.0,1.0
72,6,0.536621,False,0.0,0.08076485886843796,0.1,0.0,1.0
73,6,0.776256,False,0.0,0.08196072528740715,0.1,0.0,1.0
74,6,0.572255,False,0.0,0.08317269649392235,0.1,0.0,1.0
75,6,0.486441,False,0.0,0.08440094173472694,0.1,0.0,1.0
76,6,0.68771,False,0.0,0.08564563061017334,0.1,0.0,1.0
77,6,1.036816,False,0.0,0.08690693302625986,0.1,0.0,1.0
78,6,0.675316,False,0.0,0.08818501914506544,0.1,0.0,1.0
79,6,0.743591,False,0.0,0.0894800593335614,0.1,0.0,1.0
80,6,0.562417,False,0.0,0.09079222411077965,0.1,0.0,1.0
81,6,0.467054,False,0.0,0.09212168409331789,0.1,0.0,1.0
82,6,0.496992,False,0.0,0.09346860993916298,0.1,0.0,1.0
83,6,1.21294,False,0.0,0.09483317228981472,0.1,0.0,1.0
84,6,0.524783,False,0.0,0.09621554171069283,0.1,0.0,1.0
85,6,0.799061,False,0.0,0.09761588862981131,0.1,0.0,1.0
86,6,0.913669,False,0.0,0.0990343832747052,0.1,0.0,1.0
87,6,0.650806,False,0.0,0.10047119560759603,0.1,0.0,1.0
88,6,0.758272,False,0.0,0.10192649525878311,0.1,0.0,1.0
89,6,0.69273,False,0.0,0.10340045145824957,0.1,0.0,1.0
90,6,1.016657,False,0.0,0.10489323296547301,0.1,0.0,1.0
91,6,1.180859,False,0.0,0.1064050079974321,0.1,0.0,1.0
92,6,1.20875,False,0.0,0.10793594415480193,0.1,0.0,1.0
93,6,0.775605,False,0.0,0.1094862083463327,0.10000019073486328,0.0,1.0
94,6,0.889755,False,0.0,0.11105596671140756,0.10000019073486328,0.0,1.0
95,6,0.629728,False,0.0,0.1126453845407773,0.1,0.0,1.0
96,6,0.723838,False,0.0,0.11425462619547148,0.1,0.0,1.0
97,6,0.681928,False,0.0,0.11588385502388747,0.1,0.0,1.0
98,6,0.669568,False,0.0,0.11753323327706003,0.1,0.0,1.0
99,6,0.946568,False,0.0,0.11920292202211755,0.1,0.0,1.0
100,6,0.90982,False,0.0,0.12089308105393162,0.1,0.0,1.0
101,6,1.127701,False,0.0,0.12260386880496972,0.1,0.0,1.0
102,6,0.641544,False,0.0,0.12433544225336303,0.1,0.0,1.0
103,6,0.682938,False,0.0,0.1260879568292025,0.1,0.0,1.0
104,6,0.704252,False,0.0,0.1278615663190813,0.1,0.0,1.0
105,6,0.547652,False,0.0,0.12965642276890063,0.1,0.0,1.0
106,6,0.754979,False,0.0,0.1314726763849622,0.1,0.0,1.0
107,6,0.728357,False,0.0,0.13331047543337043,0.1,0.0,1.0
108,6,0.531841,False,0.0,0.13516996613777157,0.10000009536743164,0.0,1.0
109,6,0.789013,False,0.0,0.13705129257545964,0.10000009536743164,0.0,1.0
110,6,0.644536,False,0.0,0.1389545965718814,0.1,0.0,1.0
111,6,0.649963,False,0.0,0.14088001759357577,0.1,0.0,1.0
112,6,0.710593,False,0.0,0.14282769263958672,0.1,0.0,1.0
113,6,0.701124,False,0.0,0.14479775613139054,0.1,0.0,1.0
114,6,0.686585,False,0.0,0.14679033980138237,0.1,0.0,1.0
115,6,0.729875,False,0.0,0.14880557257997037,0.1,0.0,1.0
116,6,0.752942,False,0.0,0.15084358048132776,0.1,0.0,1.0
117,6,0.554695,False,0.0,0.15290448648785823,0.1,0.0,1.0
118,6,0.550967,False,0.0,0.15498841043343176,0.1,0.0,1.0
119,6,0.612336,False,0.0,0.1570954688854527,0.1,0.0,1.0
120,6,0.864867,False,0.0,0.15922577502582452,0.1,0.0,1.0
121,6,0.529464,False,0.0,0.16137943853087977,0.1,0.0,1.0
122,6,0.644766,False,0.0,0.1635565654503468,0.1,0.0,1.0
123,6,0.736737,False,0.0,0.16575725808542907,0.1,0.0,1.0
124,6,0.787489,False,0.0,0.16798161486607552,0.1,0.0,1.0
125,6,0.694336,False,0.0,0.1702297302275252,0.1,0.0,1.0
126,6,0.893564,False,0.0,0.17250169448621216,0.1,0.0,1.0
127,6,0.517759,False,0.0,0.1747975937151207,0.1,0.0,1.0
128,6,0.581723,False,0.0,0.1771175096186845,0.1,0.0,1.0
129,6,0.672564,False,0.0,0.17946151940732682,0.1,0.0,1.0
130,6,0.916906,False,0.0,0.1818296956717433,0.1,0.0,1.0
131,6,0.482583,False,0.0,0.18422210625703123,0.1,0.0,1.0
132,6,0.701405,False,0.0,0.1866388141367734,0.1,0.0,1.0
133,6,0.569457,False,0.0,0.18907987728718928,0.1,0.0,1.0
134,6,0.785842,False,0.0,0.19154534856146752,0.1,0.0,1.0
135,6,0.63849,False,0.0,0.1940352755643991,0.1,0.0,1.0
136,6,0.545348,False,0.0,0.1965497005274337,0.1,0.0,1.0
137,6,0.963453,False,0.0,0.19908866018428378,0.1,0.0,1.0
138,6,0.751712,False,0.0,0.20165218564720608,0.10000009536743164,0.0,1.0
139,6,0.566024,False,0.0,0.2042403022840918,0.1,0.0,1.0
140,6,0.87516,False,0.0,0.2068530295965009,0.1,0.0,1.0
141,6,0.787148,False,0.0,0.20949038109877877,0.1,0.0,1.0
142,6,0.659002,False,0.0,0.21215236419839478,0.1,0.0,1.0
143,6,0.627688,False,0.0,0.21483898007764848,0.1,0.0,1.0
144,6,0.713865,False,0.0,0.21755022357688744,0.1,0.0,1.0
145,6,0.893229,False,0.0,0.2202860830793872,0.1,0.0,1.0
146,6,0.653297,False,0.0,0.2230465403980427,0.1,0.0,1.0
147,6,0.706615,False,0.0,0.22583157066402545,0.1,0.0,1.0
148,6,0.702334,False,0.0,0.22864114221756085,0.1,0.0,1.0
149,6,0.627436,False,0.0,0.23147521650098232,0.1,0.0,1.0
150,6,0.597465,False,0.0,0.23433374795422077,0.1,0.0,1.0
151,6,0.820854,False,0.0,0.237216683912889,0.1,0.0,1.0
152,6,0.630023,False,0.0,0.24012396450912174,0.1,0.0,1.0
153,6,0.689246,False,0.0,0.24305552257533283,0.1,0.0,1.0
154,6,0.619926,False,0.0,0.2460112835510519,0.10000009536743164,0.0,1.0
155,6,0.832265,False,0.0,0.24899116539300367,0.10000009536743164,0.0,1.0
156,6,0.869575,False,0.0,0.2519950784885917,0.10000009536743164,0.0,1.0
157,6,0.588851,False,0.0,0.25502292557295014,0.1,0.0,1.0
158,6,0.450438,False,0.0,0.2580746016497258,0.1,0.0,1.0
159,6,0.861528,False,0.0,0.261149993915751,0.1,0.0,1.0
160,6,0.615293,False,0.0,0.2642489816897696,0.1,0.0,1.0
161,6,0.64438,False,0.0,0.26737143634537386,0.1,0.0,1.0
162,6,0.605329,False,0.0,0.2705172212483106,0.1,0.0,1.0
163,6,0.596547,False,0.0,0.273686191698313,0.1,0.0,1.0
164,6,0.553591,False,0.0,0.27687819487561016,0.10000009536743164,0.0,1.0
165,6,0.632122,False,0.0,0.28009306979226756,0.10000009536743164,0.0,1.0
166,6,0.612797,False,0.0,0.2833306472485044,0.10000009536743164,0.0,1.0
167,6,0.695857,False,0.0,0.2865907497941342,0.10000009536743164,0.0,1.0
168,6,0.547024,False,0.0,0.28987319169527037,0.1,0.0,1.0
169,6,0.47674,False,0.0,0.29317777890643243,0.1,0.0,1.0
170,6,0.615324,False,0.0,0.29650430904818886,0.1,0.0,1.0
171,6,0.747104,False,0.0,0.2998525713904629,0.1,0.0,1.0
172,6,0.956244,False,0.0,0.3032223468416272,0.1,0.0,1.0
173,6,0.544254,False,0.0,0.3066134079435043,0.1,0.0,1.0
174,6,0.587308,False,0.0,0.3100255188723875,0.1,0.0,1.0
175,6,0.668517,False,0.0,0.3134584354461889,0.1,0.0,1.0
176,6,0.627728,False,0.0,0.31691190513781486,0.1,0.0,1.0
177,6,0.548319,False,0.0,0.3203856670948646,0.1,0.0,1.0
178,6,0.527897,False,0.0,0.32387945216573893,0.1,0.0,1.0
179,6,0.791446,False,0.0,0.3273929829322395,0.1,0.0,1.0
180,6,0.68122,False,0.0,0.33092597374873245,0.1,0.0,1.0
181,6,0.552952,False,0.0,0.3344781307879405,0.1,0.0,1.0
182,6,0.852676,False,0.0,0.3380491520934221,0.1,0.0,1.0
183,6,0.572013,False,0.0,0.34163872763878583,0.1,0.0,1.0
184,6,0.460683,False,0.0,0.3452465393936807,0.1,0.0,1.0
185,6,0.657109,False,0.0,0.348872261396595,0.1,0.0,1.0
186,6,0.690802,False,0.0,0.35251555983448407,0.1,0.0,1.0
187,6,0.566838,False,0.0,0.3561760931292443,0.1,0.0,1.0
188,6,0.792886,False,0.0,0.3598535120310333,0.1,0.0,1.0
189,6,0.587763,False,0.0,0.36354745971843366,0.1,0.0,1.0
190,6,0.450513,False,0.0,0.36725757190544506,0.1,0.0,1.0
191,6,0.64554,False,0.0,0.3709834769552774,0.1,0.0,1.0
192,6,0.904754,False,0.0,0.3747247960009128,0.1,0.0,1.0
193,6,0.698421,False,0.0,0.378481143072389,0.1,0.0,1.0
194,6,0.57211,False,0.0,0.382252125230751,0.10000009536743164,0.0,1.0
195,6,0.846123,False,0.0,0.3860373427086035,0.10000009536743164,0.0,1.0
196,6,0.651148,False,0.0,0.3898363890571894,0.1,0.0,1.0
197,6,0.727902,False,0.0,0.3936488512999092,0.1,0.0,1.0
198,6,0.505831,False,0.0,0.3974743100921823,0.1,0.0,1.0
199,6,0.620064,False,0.0,0.401312339887548,0.1,0.0,1.0
200,6,0.453404,False,0.0,0.40516250910988494,0.1,0.0,1.0
201,6,0.620282,False,0.0,0.4090243803316261,0.1,0.0,1.0
202,6,0.59243,False,0.0,0.41289751045783046,0.1,0.0,1.0
203,6,0.769342,False,0.0,0.4167814509159666,0.1,0.0,1.0
204,6,0.563954,False,0.0,0.4206757478512505,0.1,0.0,1.0
205,6,1.173465,False,0.0,0.4245799423273733,0.1,0.0,1.0
206,6,0.49018,False,0.0,0.4284935705324441,0.1,0.0,1.0
207,6,0.912118,False,0.0,0.4324161639899626,0.1,0.0,1.0
208,6,0.487124,False,0.0,0.4363472497746318,0.1,0.0,1.0
209,6,1.195955,False,0.0,0.440286350732807,0.1,0.0,1.0
210,6,0.931042,False,0.0,0.4442329857073724,0.1,0.0,1.0
211,6,0.748484,False,0.0,0.4481866697668298,0.1,0.0,1.0
212,6,0.608551,False,0.0,0.45214691443837246,0.1,0.0,1.0
213,6,0.495312,False,0.0,0.4561132279447144,0.1,0.0,1.0
214,6,0.558415,False,0.0,0.46008511544443426,0.1,0.0,1.0
215,6,0.775363,False,0.0,0.4640620792755912,0.1,0.0,1.0
216,6,0.657685,False,0.0,0.46804361920235915,0.1,0.0,1.0
217,6,0.617983,False,0.0,0.47202923266442653,0.1,0.0,1.0
218,6,0.813922,False,0.0,0.4760184150288955,0.1,0.0,1.0
219,6,0.679723,False,0.0,0.48001065984441826,0.1,0.0,1.0
220,6,0.597454,False,0.0,0.4840054590972979,0.1,0.0,1.0
221,6,0.705846,False,0.0,0.48800230346928214,0.1,0.0,1.0
222,6,1.046682,False,0.0,0.4920006825967688,0.1,0.0,1.0
223,6,0.938374,False,0.0,0.49600008533114887,0.1,0.0,1.0
224,6,0.800998,False,0.0,0.5,0.1,0.0,1.0
225,6,0.867145,False,0.0,0.5039999146688512,0.1,0.0,1.0
226,6,0.527986,False,0.0,0.5079993174032311,0.10000009536743164,0.0,1.0
227,6,0.563182,False,0.0,0.5119976965307179,0.10000009536743164,0.0,1.0
228,6,1.276625,False,0.0,0.515994540902702,0.10000009536743164,0.0,1.0
229,6,0.740076,False,0.0,0.5199893401555818,0.1,0.0,1.0
230,6,0.649898,False,0.0,0.5239815849711045,0.1,0.0,1.0
231,6,0.899322,False,0.0,0.5279707673355735,0.1,0.0,1.0
232,6,0.6795,False,0.0,0.5319563807976408,0.10000009536743164,0.0,1.0
233,6,0.628174,False,0.0,0.5359379207244089,0.1,0.0,1.0
234,6,0.545818,False,0.0,0.5399148845555656,0.1,0.0,1.0
235,6,0.793396,False,0.0,0.5438867720552856,0.1,0.0,1.0
236,6,0.669467,False,0.0,0.5478530855616274,0.1,0.0,1.0
237,6,0.597113,False,0.0,0.5518133302331701,0.1,0.0,1.0
238,6,0.50967,False,0.0,0.5557670142926274,0.1,0.0,1.0
239,6,0.482917,False,0.0,0.5597136492671929,0.1,0.0,1.0
240,6,0.422975,False,0.0,0.5636527502253681,0.1,0.0,1.0
241,6,0.73664,False,0.0,0.5675838360100374,0.1,0.0,1.0
242,6,0.547262,False,0.0,0.5715064294675558,0.1,0.0,1.0
243,6,0.631639,False,0.0,0.5754200576726266,0.1,0.0,1.0
244,6,0.93026,False,0.0,0.5793242521487494,0.1,0.0,1.0
245,6,0.610932,False,0.0,0.5832185490840334,0.1,0.0,1.0
246,6,0.934327,False,0.0,0.5871024895421696,0.1,0.0,1.0
247,6,0.750419,False,0.0,0.590975619668374,0.1,0.0,1.0
248,6,0.669107,False,0.0,0.5948374908901151,0.1,0.0,1.0
249,6,0.774652,False,0.0,0.598687660112452,0.1,0.0,1.0
0,7,1.842944,False,0.0,0.027014379637878443,0.0,0.0,1.0
1,7,2.768415,False,0.0,0.02743813109833486,0.0,0.0,1.0
2,7,1.964016,False,0.0,0.0278683392006816,0.1,0.0,1.0
3,7,3.584532,False,0.0,0.028305096310927595,0.1,0.0,1.0
4,7,2.020973,False,0.0,0.02874849592653997,0.1,0.0,1.0
5,7,3.679522,False,0.0,0.02919863268418474,0.1,0.0,1.0
6,7,3.604559,False,0.0,0.02965560236730284,0.1,0.0,1.0
7,7,2.123618,False,0.0,0.03011950191351196,0.1,0.0,1.0
8,7,1.910417,False,0.0,0.030590429421823905,0.1,0.0,1.0
9,7,3.2534,False,0.0,0.03106848415966741,0.1,0.0,1.0
10,7,2.834309,False,0.0,0.03155376656970557,0.10000009536743164,0.0,1.0
11,7,2.413833,False,0.0,0.03204637827643718,0.1,0.0,1.0
